study,reader,condition,n,metric,value,ci_low,ci_high
LoCoMo,Qwen2B,full_optical_c2,500,conversation_macro_F1,0.0983781801312874,0.08028562394674259,0.11843413629041954
LoCoMo,Qwen2B,full_raw,500,conversation_macro_F1,0.48446113584625883,0.4664824053031865,0.5023089910494585
LoCoMo,Qwen2B,retrieved_optical_8px,500,conversation_macro_F1,0.2888542780865567,0.25704023969969936,0.3181419153682272
LoCoMo,Qwen2B,retrieved_text,500,conversation_macro_F1,0.39976856084681645,0.36782634819188326,0.43248325789674524
LoCoMo,Qwen2B,retrieved_text_matched,500,conversation_macro_F1,0.48343489395464256,0.45772270563122874,0.5067558784226474
LoCoMo,Qwen2B,retrieved_text_matched_selected,500,conversation_macro_F1,0.4074008051800952,0.37788620008016405,0.4389067462723521
LoCoMo,Qwen9B,full_optical_c2,500,conversation_macro_F1,0.15951386964312397,0.13132871495150342,0.18891578566349307
LoCoMo,Qwen9B,full_raw,500,conversation_macro_F1,0.5303664625129032,0.500266807231871,0.5653619621030975
LoCoMo,Qwen9B,retrieved_optical_8px,500,conversation_macro_F1,0.3527791893927659,0.32859899712751806,0.37538199396560235
LoCoMo,Qwen9B,retrieved_text,500,conversation_macro_F1,0.37218447542296634,0.3363935019539549,0.40690788047084686
LoCoMo,Qwen9B,retrieved_text_matched,500,conversation_macro_F1,0.4976556356755265,0.4688670326199654,0.526647891665087
LoCoMo,Qwen9B,retrieved_text_matched_selected,500,conversation_macro_F1,0.391091296633188,0.3636200118726667,0.41745119986573875
LoCoMo,GLM,full_optical_c2,500,conversation_macro_F1,0.24841067249860682,0.2221802403412603,0.274244954135332
LoCoMo,GLM,full_raw,500,conversation_macro_F1,0.48312969703387365,0.4490431538783056,0.5235622079376514
LoCoMo,GLM,retrieved_optical_8px,500,conversation_macro_F1,0.30889902751044335,0.2835089348276806,0.32923480353316653
LoCoMo,GLM,retrieved_text,500,conversation_macro_F1,0.3755136619980822,0.34081845825693724,0.4125844444449043
LoCoMo,GLM,retrieved_text_matched,500,conversation_macro_F1,0.4401284289391595,0.4026626494407947,0.4802566494486371
LoCoMo,GLM,retrieved_text_matched_selected,500,conversation_macro_F1,0.3934921973489058,0.3746613820407291,0.412625882746301
Identifier,Qwen2B,full_raw,96,canonical_EM,0.9375,0.90625,0.9687499999999999
Identifier,Qwen2B,optical_c0p8_p2,96,canonical_EM,0.0,0.0,0.0
Identifier,Qwen2B,optical_c0p8_p4,96,canonical_EM,0.13541666666666666,0.10416666666666666,0.16666666666666666
Identifier,Qwen2B,optical_c2_p2,96,canonical_EM,0.0,0.0,0.0
Identifier,Qwen2B,optical_c2_p4,96,canonical_EM,0.0,0.0,0.0
Identifier,Qwen2B,optical_c4_p2,96,canonical_EM,0.0,0.0,0.0
Identifier,Qwen2B,optical_c4_p4,96,canonical_EM,0.0,0.0,0.0
Identifier,Qwen9B,full_raw,96,canonical_EM,0.96875,0.9479166666666665,0.9895833333333334
Identifier,Qwen9B,optical_c0p8_p2,96,canonical_EM,0.03125,0.010416666666666666,0.05208333333333333
Identifier,Qwen9B,optical_c0p8_p4,96,canonical_EM,0.22916666666666666,0.19791666666666663,0.26041666666666663
Identifier,Qwen9B,optical_c2_p2,96,canonical_EM,0.0,0.0,0.0
Identifier,Qwen9B,optical_c2_p4,96,canonical_EM,0.0,0.0,0.0
Identifier,Qwen9B,optical_c4_p2,96,canonical_EM,0.0,0.0,0.0
Identifier,Qwen9B,optical_c4_p4,96,canonical_EM,0.0,0.0,0.0
Identifier,GLM,full_raw,96,canonical_EM,0.96875,0.9479166666666665,0.9895833333333334
Identifier,GLM,optical_c0p8_p2,96,canonical_EM,0.0,0.0,0.0
Identifier,GLM,optical_c0p8_p4,96,canonical_EM,0.0,0.0,0.0
Identifier,GLM,optical_c2_p2,96,canonical_EM,0.0,0.0,0.0
Identifier,GLM,optical_c2_p4,96,canonical_EM,0.0,0.0,0.0
Identifier,GLM,optical_c4_p2,96,canonical_EM,0.0,0.0,0.0
Identifier,GLM,optical_c4_p4,96,canonical_EM,0.0,0.0,0.0
RULER,Qwen2B,full_raw,180,scoped_native_containment,0.9063888888888889,0.9005555555555556,0.9122222222222223
RULER,Qwen2B,optical_c0p8_p4,180,scoped_native_containment,0.7455555555555556,0.6944444444444443,0.7955555555555556
RULER,Qwen2B,optical_c2_p4,180,scoped_native_containment,0.4611111111111111,0.4177777777777778,0.5038888888888889
RULER,Qwen2B,optical_c4_p4,180,scoped_native_containment,0.05444444444444444,0.027777777777777776,0.08333333333333333
RULER,Qwen9B,full_raw,180,scoped_native_containment,0.9916666666666667,0.9855555555555555,0.9966666666666667
RULER,Qwen9B,optical_c0p8_p4,180,scoped_native_containment,0.8372222222222222,0.8016666666666667,0.8705555555555556
RULER,Qwen9B,optical_c2_p4,180,scoped_native_containment,0.5563888888888889,0.5122222222222222,0.6016666666666667
RULER,Qwen9B,optical_c4_p4,180,scoped_native_containment,0.08055555555555555,0.049166666666666664,0.11527777777777777
RULER,GLM,full_raw,180,scoped_native_containment,1.0,1.0,1.0
RULER,GLM,optical_c0p8_p4,180,scoped_native_containment,0.7238888888888889,0.6838888888888889,0.7661111111111111
RULER,GLM,optical_c2_p4,180,scoped_native_containment,0.33555555555555555,0.2891666666666666,0.38000000000000006
RULER,GLM,optical_c4_p4,180,scoped_native_containment,0.015000000000000001,0.0022222222222222222,0.03305555555555555
