reader,condition,alphabet,distractors,entropy,length,position,n,exact_match,cer
GLM,full_raw,decimal,4,independent_characters,8,early,2,1.0,0.0
GLM,full_raw,decimal,4,independent_characters,8,late,2,1.0,0.0
GLM,full_raw,decimal,4,independent_characters,8,middle,2,1.0,0.0
GLM,full_raw,decimal,4,independent_characters,24,early,2,1.0,0.0
GLM,full_raw,decimal,4,independent_characters,24,late,2,1.0,0.0
GLM,full_raw,decimal,4,independent_characters,24,middle,2,1.0,0.0
GLM,full_raw,decimal,4,repeated_4char_motif,8,early,2,1.0,0.0
GLM,full_raw,decimal,4,repeated_4char_motif,8,late,2,1.0,0.0
GLM,full_raw,decimal,4,repeated_4char_motif,8,middle,2,1.0,0.0
GLM,full_raw,decimal,4,repeated_4char_motif,24,early,2,1.0,0.0
GLM,full_raw,decimal,4,repeated_4char_motif,24,late,2,1.0,0.0
GLM,full_raw,decimal,4,repeated_4char_motif,24,middle,2,1.0,0.0
GLM,full_raw,decimal,32,independent_characters,8,early,2,1.0,0.0
GLM,full_raw,decimal,32,independent_characters,8,late,2,1.0,0.0
GLM,full_raw,decimal,32,independent_characters,8,middle,2,1.0,0.0
GLM,full_raw,decimal,32,independent_characters,24,early,2,1.0,0.0
GLM,full_raw,decimal,32,independent_characters,24,late,2,1.0,0.0
GLM,full_raw,decimal,32,independent_characters,24,middle,2,1.0,0.0
GLM,full_raw,decimal,32,repeated_4char_motif,8,early,2,1.0,0.0
GLM,full_raw,decimal,32,repeated_4char_motif,8,late,2,1.0,0.0
GLM,full_raw,decimal,32,repeated_4char_motif,8,middle,2,1.0,0.0
GLM,full_raw,decimal,32,repeated_4char_motif,24,early,2,1.0,0.0
GLM,full_raw,decimal,32,repeated_4char_motif,24,late,2,1.0,0.0
GLM,full_raw,decimal,32,repeated_4char_motif,24,middle,2,1.0,0.0
GLM,full_raw,lowercase_alphanumeric,4,independent_characters,8,early,2,1.0,0.0
GLM,full_raw,lowercase_alphanumeric,4,independent_characters,8,late,2,1.0,0.0
GLM,full_raw,lowercase_alphanumeric,4,independent_characters,8,middle,2,1.0,0.0
GLM,full_raw,lowercase_alphanumeric,4,independent_characters,24,early,2,1.0,0.0
GLM,full_raw,lowercase_alphanumeric,4,independent_characters,24,late,2,1.0,0.0
GLM,full_raw,lowercase_alphanumeric,4,independent_characters,24,middle,2,1.0,0.0
GLM,full_raw,lowercase_alphanumeric,4,repeated_4char_motif,8,early,2,1.0,0.0
GLM,full_raw,lowercase_alphanumeric,4,repeated_4char_motif,8,late,2,0.5,0.25
GLM,full_raw,lowercase_alphanumeric,4,repeated_4char_motif,8,middle,2,1.0,0.0
GLM,full_raw,lowercase_alphanumeric,4,repeated_4char_motif,24,early,2,1.0,0.0
GLM,full_raw,lowercase_alphanumeric,4,repeated_4char_motif,24,late,2,1.0,0.0
GLM,full_raw,lowercase_alphanumeric,4,repeated_4char_motif,24,middle,2,0.5,0.08333333333333333
GLM,full_raw,lowercase_alphanumeric,32,independent_characters,8,early,2,1.0,0.0
GLM,full_raw,lowercase_alphanumeric,32,independent_characters,8,late,2,1.0,0.0
GLM,full_raw,lowercase_alphanumeric,32,independent_characters,8,middle,2,1.0,0.0
GLM,full_raw,lowercase_alphanumeric,32,independent_characters,24,early,2,1.0,0.0
GLM,full_raw,lowercase_alphanumeric,32,independent_characters,24,late,2,1.0,0.0
GLM,full_raw,lowercase_alphanumeric,32,independent_characters,24,middle,2,1.0,0.0
GLM,full_raw,lowercase_alphanumeric,32,repeated_4char_motif,8,early,2,1.0,0.0
GLM,full_raw,lowercase_alphanumeric,32,repeated_4char_motif,8,late,2,0.5,0.25
GLM,full_raw,lowercase_alphanumeric,32,repeated_4char_motif,8,middle,2,1.0,0.0
GLM,full_raw,lowercase_alphanumeric,32,repeated_4char_motif,24,early,2,1.0,0.0
GLM,full_raw,lowercase_alphanumeric,32,repeated_4char_motif,24,late,2,1.0,0.0
GLM,full_raw,lowercase_alphanumeric,32,repeated_4char_motif,24,middle,2,1.0,0.0
GLM,optical_c0p8_p2,decimal,4,independent_characters,8,early,2,0.0,3.0
GLM,optical_c0p8_p2,decimal,4,independent_characters,8,late,2,0.0,3.0
GLM,optical_c0p8_p2,decimal,4,independent_characters,8,middle,2,0.0,3.0
GLM,optical_c0p8_p2,decimal,4,independent_characters,24,early,2,0.0,1.0
GLM,optical_c0p8_p2,decimal,4,independent_characters,24,late,2,0.0,1.0
GLM,optical_c0p8_p2,decimal,4,independent_characters,24,middle,2,0.0,1.0
GLM,optical_c0p8_p2,decimal,4,repeated_4char_motif,8,early,2,0.0,3.0
GLM,optical_c0p8_p2,decimal,4,repeated_4char_motif,8,late,2,0.0,3.0
GLM,optical_c0p8_p2,decimal,4,repeated_4char_motif,8,middle,2,0.0,3.0
GLM,optical_c0p8_p2,decimal,4,repeated_4char_motif,24,early,2,0.0,1.0
GLM,optical_c0p8_p2,decimal,4,repeated_4char_motif,24,late,2,0.0,1.0
GLM,optical_c0p8_p2,decimal,4,repeated_4char_motif,24,middle,2,0.0,1.0
GLM,optical_c0p8_p2,decimal,32,independent_characters,8,early,2,0.0,3.0
GLM,optical_c0p8_p2,decimal,32,independent_characters,8,late,2,0.0,3.0
GLM,optical_c0p8_p2,decimal,32,independent_characters,8,middle,2,0.0,3.0
GLM,optical_c0p8_p2,decimal,32,independent_characters,24,early,2,0.0,1.0
GLM,optical_c0p8_p2,decimal,32,independent_characters,24,late,2,0.0,1.0
GLM,optical_c0p8_p2,decimal,32,independent_characters,24,middle,2,0.0,1.0
GLM,optical_c0p8_p2,decimal,32,repeated_4char_motif,8,early,2,0.0,3.0
GLM,optical_c0p8_p2,decimal,32,repeated_4char_motif,8,late,2,0.0,3.0
GLM,optical_c0p8_p2,decimal,32,repeated_4char_motif,8,middle,2,0.0,3.0
GLM,optical_c0p8_p2,decimal,32,repeated_4char_motif,24,early,2,0.0,1.0
GLM,optical_c0p8_p2,decimal,32,repeated_4char_motif,24,late,2,0.0,1.0
GLM,optical_c0p8_p2,decimal,32,repeated_4char_motif,24,middle,2,0.0,1.0
GLM,optical_c0p8_p2,lowercase_alphanumeric,4,independent_characters,8,early,2,0.0,2.75
GLM,optical_c0p8_p2,lowercase_alphanumeric,4,independent_characters,8,late,2,0.0,2.75
GLM,optical_c0p8_p2,lowercase_alphanumeric,4,independent_characters,8,middle,2,0.0,2.8125
GLM,optical_c0p8_p2,lowercase_alphanumeric,4,independent_characters,24,early,2,0.0,0.9791666666666667
GLM,optical_c0p8_p2,lowercase_alphanumeric,4,independent_characters,24,late,2,0.0,0.9791666666666667
GLM,optical_c0p8_p2,lowercase_alphanumeric,4,independent_characters,24,middle,2,0.0,0.9583333333333334
GLM,optical_c0p8_p2,lowercase_alphanumeric,4,repeated_4char_motif,8,early,2,0.0,2.8125
GLM,optical_c0p8_p2,lowercase_alphanumeric,4,repeated_4char_motif,8,late,2,0.0,2.9375
GLM,optical_c0p8_p2,lowercase_alphanumeric,4,repeated_4char_motif,8,middle,2,0.0,2.8125
GLM,optical_c0p8_p2,lowercase_alphanumeric,4,repeated_4char_motif,24,early,2,0.0,0.9791666666666667
GLM,optical_c0p8_p2,lowercase_alphanumeric,4,repeated_4char_motif,24,late,2,0.0,1.0
GLM,optical_c0p8_p2,lowercase_alphanumeric,4,repeated_4char_motif,24,middle,2,0.0,0.9583333333333333
GLM,optical_c0p8_p2,lowercase_alphanumeric,32,independent_characters,8,early,2,0.0,2.6875
GLM,optical_c0p8_p2,lowercase_alphanumeric,32,independent_characters,8,late,2,0.0,2.6875
GLM,optical_c0p8_p2,lowercase_alphanumeric,32,independent_characters,8,middle,2,0.0,2.8125
GLM,optical_c0p8_p2,lowercase_alphanumeric,32,independent_characters,24,early,2,0.0,0.9583333333333333
GLM,optical_c0p8_p2,lowercase_alphanumeric,32,independent_characters,24,late,2,0.0,0.9583333333333333
GLM,optical_c0p8_p2,lowercase_alphanumeric,32,independent_characters,24,middle,2,0.0,0.9375
GLM,optical_c0p8_p2,lowercase_alphanumeric,32,repeated_4char_motif,8,early,2,0.0,2.625
GLM,optical_c0p8_p2,lowercase_alphanumeric,32,repeated_4char_motif,8,late,2,0.0,2.8125
GLM,optical_c0p8_p2,lowercase_alphanumeric,32,repeated_4char_motif,8,middle,2,0.0,2.8125
GLM,optical_c0p8_p2,lowercase_alphanumeric,32,repeated_4char_motif,24,early,2,0.0,0.9375
GLM,optical_c0p8_p2,lowercase_alphanumeric,32,repeated_4char_motif,24,late,2,0.0,0.9375
GLM,optical_c0p8_p2,lowercase_alphanumeric,32,repeated_4char_motif,24,middle,2,0.0,0.9375
GLM,optical_c0p8_p4,decimal,4,independent_characters,8,early,2,0.0,3.0
GLM,optical_c0p8_p4,decimal,4,independent_characters,8,late,2,0.0,0.25
GLM,optical_c0p8_p4,decimal,4,independent_characters,8,middle,2,0.0,3.0
GLM,optical_c0p8_p4,decimal,4,independent_characters,24,early,2,0.0,1.0
GLM,optical_c0p8_p4,decimal,4,independent_characters,24,late,2,0.0,1.0
GLM,optical_c0p8_p4,decimal,4,independent_characters,24,middle,2,0.0,1.0
GLM,optical_c0p8_p4,decimal,4,repeated_4char_motif,8,early,2,0.0,1.9375
GLM,optical_c0p8_p4,decimal,4,repeated_4char_motif,8,late,2,0.0,3.0
GLM,optical_c0p8_p4,decimal,4,repeated_4char_motif,8,middle,2,0.0,3.0
GLM,optical_c0p8_p4,decimal,4,repeated_4char_motif,24,early,2,0.0,1.0
GLM,optical_c0p8_p4,decimal,4,repeated_4char_motif,24,late,2,0.0,0.75
GLM,optical_c0p8_p4,decimal,4,repeated_4char_motif,24,middle,2,0.0,1.0
GLM,optical_c0p8_p4,decimal,32,independent_characters,8,early,2,0.0,3.0
GLM,optical_c0p8_p4,decimal,32,independent_characters,8,late,2,0.0,3.0
GLM,optical_c0p8_p4,decimal,32,independent_characters,8,middle,2,0.0,0.25
GLM,optical_c0p8_p4,decimal,32,independent_characters,24,early,2,0.0,1.0
GLM,optical_c0p8_p4,decimal,32,independent_characters,24,late,2,0.0,1.0
GLM,optical_c0p8_p4,decimal,32,independent_characters,24,middle,2,0.0,1.0
GLM,optical_c0p8_p4,decimal,32,repeated_4char_motif,8,early,2,0.0,3.0
GLM,optical_c0p8_p4,decimal,32,repeated_4char_motif,8,late,2,0.0,3.0
GLM,optical_c0p8_p4,decimal,32,repeated_4char_motif,8,middle,2,0.0,0.1875
GLM,optical_c0p8_p4,decimal,32,repeated_4char_motif,24,early,2,0.0,0.7916666666666667
GLM,optical_c0p8_p4,decimal,32,repeated_4char_motif,24,late,2,0.0,1.0
GLM,optical_c0p8_p4,decimal,32,repeated_4char_motif,24,middle,2,0.0,0.6041666666666666
GLM,optical_c0p8_p4,lowercase_alphanumeric,4,independent_characters,8,early,2,0.0,1.5625
GLM,optical_c0p8_p4,lowercase_alphanumeric,4,independent_characters,8,late,2,0.0,2.75
GLM,optical_c0p8_p4,lowercase_alphanumeric,4,independent_characters,8,middle,2,0.0,2.8125
GLM,optical_c0p8_p4,lowercase_alphanumeric,4,independent_characters,24,early,2,0.0,0.9791666666666667
GLM,optical_c0p8_p4,lowercase_alphanumeric,4,independent_characters,24,late,2,0.0,0.9791666666666667
GLM,optical_c0p8_p4,lowercase_alphanumeric,4,independent_characters,24,middle,2,0.0,0.9583333333333334
GLM,optical_c0p8_p4,lowercase_alphanumeric,4,repeated_4char_motif,8,early,2,0.0,1.8125
GLM,optical_c0p8_p4,lowercase_alphanumeric,4,repeated_4char_motif,8,late,2,0.0,2.9375
GLM,optical_c0p8_p4,lowercase_alphanumeric,4,repeated_4char_motif,8,middle,2,0.0,2.8125
GLM,optical_c0p8_p4,lowercase_alphanumeric,4,repeated_4char_motif,24,early,2,0.0,0.9791666666666667
GLM,optical_c0p8_p4,lowercase_alphanumeric,4,repeated_4char_motif,24,late,2,0.0,1.0
GLM,optical_c0p8_p4,lowercase_alphanumeric,4,repeated_4char_motif,24,middle,2,0.0,0.9583333333333333
GLM,optical_c0p8_p4,lowercase_alphanumeric,32,independent_characters,8,early,2,0.0,2.6875
GLM,optical_c0p8_p4,lowercase_alphanumeric,32,independent_characters,8,late,2,0.0,2.6875
GLM,optical_c0p8_p4,lowercase_alphanumeric,32,independent_characters,8,middle,2,0.0,1.625
GLM,optical_c0p8_p4,lowercase_alphanumeric,32,independent_characters,24,early,2,0.0,0.9166666666666666
GLM,optical_c0p8_p4,lowercase_alphanumeric,32,independent_characters,24,late,2,0.0,0.7083333333333333
GLM,optical_c0p8_p4,lowercase_alphanumeric,32,independent_characters,24,middle,2,0.0,0.9375
GLM,optical_c0p8_p4,lowercase_alphanumeric,32,repeated_4char_motif,8,early,2,0.0,2.625
GLM,optical_c0p8_p4,lowercase_alphanumeric,32,repeated_4char_motif,8,late,2,0.0,1.625
GLM,optical_c0p8_p4,lowercase_alphanumeric,32,repeated_4char_motif,8,middle,2,0.0,1.75
GLM,optical_c0p8_p4,lowercase_alphanumeric,32,repeated_4char_motif,24,early,2,0.0,0.625
GLM,optical_c0p8_p4,lowercase_alphanumeric,32,repeated_4char_motif,24,late,2,0.0,0.4583333333333333
GLM,optical_c0p8_p4,lowercase_alphanumeric,32,repeated_4char_motif,24,middle,2,0.0,0.9375
GLM,optical_c2_p2,decimal,4,independent_characters,8,early,2,0.0,3.0
GLM,optical_c2_p2,decimal,4,independent_characters,8,late,2,0.0,3.0
GLM,optical_c2_p2,decimal,4,independent_characters,8,middle,2,0.0,3.0
GLM,optical_c2_p2,decimal,4,independent_characters,24,early,2,0.0,1.0
GLM,optical_c2_p2,decimal,4,independent_characters,24,late,2,0.0,1.0
GLM,optical_c2_p2,decimal,4,independent_characters,24,middle,2,0.0,1.0
GLM,optical_c2_p2,decimal,4,repeated_4char_motif,8,early,2,0.0,3.0
GLM,optical_c2_p2,decimal,4,repeated_4char_motif,8,late,2,0.0,3.0
GLM,optical_c2_p2,decimal,4,repeated_4char_motif,8,middle,2,0.0,3.0
GLM,optical_c2_p2,decimal,4,repeated_4char_motif,24,early,2,0.0,1.0
GLM,optical_c2_p2,decimal,4,repeated_4char_motif,24,late,2,0.0,1.0
GLM,optical_c2_p2,decimal,4,repeated_4char_motif,24,middle,2,0.0,1.0
GLM,optical_c2_p2,decimal,32,independent_characters,8,early,2,0.0,3.0
GLM,optical_c2_p2,decimal,32,independent_characters,8,late,2,0.0,3.0
GLM,optical_c2_p2,decimal,32,independent_characters,8,middle,2,0.0,3.0
GLM,optical_c2_p2,decimal,32,independent_characters,24,early,2,0.0,1.0
GLM,optical_c2_p2,decimal,32,independent_characters,24,late,2,0.0,1.0
GLM,optical_c2_p2,decimal,32,independent_characters,24,middle,2,0.0,1.0
GLM,optical_c2_p2,decimal,32,repeated_4char_motif,8,early,2,0.0,3.0
GLM,optical_c2_p2,decimal,32,repeated_4char_motif,8,late,2,0.0,3.0
GLM,optical_c2_p2,decimal,32,repeated_4char_motif,8,middle,2,0.0,3.0
GLM,optical_c2_p2,decimal,32,repeated_4char_motif,24,early,2,0.0,1.0
GLM,optical_c2_p2,decimal,32,repeated_4char_motif,24,late,2,0.0,1.0
GLM,optical_c2_p2,decimal,32,repeated_4char_motif,24,middle,2,0.0,1.0
GLM,optical_c2_p2,lowercase_alphanumeric,4,independent_characters,8,early,2,0.0,2.75
GLM,optical_c2_p2,lowercase_alphanumeric,4,independent_characters,8,late,2,0.0,2.75
GLM,optical_c2_p2,lowercase_alphanumeric,4,independent_characters,8,middle,2,0.0,2.8125
GLM,optical_c2_p2,lowercase_alphanumeric,4,independent_characters,24,early,2,0.0,0.9791666666666667
GLM,optical_c2_p2,lowercase_alphanumeric,4,independent_characters,24,late,2,0.0,0.9791666666666667
GLM,optical_c2_p2,lowercase_alphanumeric,4,independent_characters,24,middle,2,0.0,0.9583333333333334
GLM,optical_c2_p2,lowercase_alphanumeric,4,repeated_4char_motif,8,early,2,0.0,2.8125
GLM,optical_c2_p2,lowercase_alphanumeric,4,repeated_4char_motif,8,late,2,0.0,2.9375
GLM,optical_c2_p2,lowercase_alphanumeric,4,repeated_4char_motif,8,middle,2,0.0,2.8125
GLM,optical_c2_p2,lowercase_alphanumeric,4,repeated_4char_motif,24,early,2,0.0,0.9791666666666667
GLM,optical_c2_p2,lowercase_alphanumeric,4,repeated_4char_motif,24,late,2,0.0,1.0
GLM,optical_c2_p2,lowercase_alphanumeric,4,repeated_4char_motif,24,middle,2,0.0,0.9583333333333333
GLM,optical_c2_p2,lowercase_alphanumeric,32,independent_characters,8,early,2,0.0,2.6875
GLM,optical_c2_p2,lowercase_alphanumeric,32,independent_characters,8,late,2,0.0,2.6875
GLM,optical_c2_p2,lowercase_alphanumeric,32,independent_characters,8,middle,2,0.0,2.8125
GLM,optical_c2_p2,lowercase_alphanumeric,32,independent_characters,24,early,2,0.0,0.9583333333333333
GLM,optical_c2_p2,lowercase_alphanumeric,32,independent_characters,24,late,2,0.0,0.9583333333333333
GLM,optical_c2_p2,lowercase_alphanumeric,32,independent_characters,24,middle,2,0.0,0.9375
GLM,optical_c2_p2,lowercase_alphanumeric,32,repeated_4char_motif,8,early,2,0.0,2.625
GLM,optical_c2_p2,lowercase_alphanumeric,32,repeated_4char_motif,8,late,2,0.0,2.8125
GLM,optical_c2_p2,lowercase_alphanumeric,32,repeated_4char_motif,8,middle,2,0.0,2.8125
GLM,optical_c2_p2,lowercase_alphanumeric,32,repeated_4char_motif,24,early,2,0.0,0.9375
GLM,optical_c2_p2,lowercase_alphanumeric,32,repeated_4char_motif,24,late,2,0.0,0.9375
GLM,optical_c2_p2,lowercase_alphanumeric,32,repeated_4char_motif,24,middle,2,0.0,0.9375
GLM,optical_c2_p4,decimal,4,independent_characters,8,early,2,0.0,3.0
GLM,optical_c2_p4,decimal,4,independent_characters,8,late,2,0.0,3.0
GLM,optical_c2_p4,decimal,4,independent_characters,8,middle,2,0.0,3.0
GLM,optical_c2_p4,decimal,4,independent_characters,24,early,2,0.0,1.0
GLM,optical_c2_p4,decimal,4,independent_characters,24,late,2,0.0,1.0
GLM,optical_c2_p4,decimal,4,independent_characters,24,middle,2,0.0,1.0
GLM,optical_c2_p4,decimal,4,repeated_4char_motif,8,early,2,0.0,3.0
GLM,optical_c2_p4,decimal,4,repeated_4char_motif,8,late,2,0.0,3.0
GLM,optical_c2_p4,decimal,4,repeated_4char_motif,8,middle,2,0.0,3.0
GLM,optical_c2_p4,decimal,4,repeated_4char_motif,24,early,2,0.0,1.0
GLM,optical_c2_p4,decimal,4,repeated_4char_motif,24,late,2,0.0,1.0
GLM,optical_c2_p4,decimal,4,repeated_4char_motif,24,middle,2,0.0,1.0
GLM,optical_c2_p4,decimal,32,independent_characters,8,early,2,0.0,3.0
GLM,optical_c2_p4,decimal,32,independent_characters,8,late,2,0.0,3.0
GLM,optical_c2_p4,decimal,32,independent_characters,8,middle,2,0.0,3.0
GLM,optical_c2_p4,decimal,32,independent_characters,24,early,2,0.0,1.0
GLM,optical_c2_p4,decimal,32,independent_characters,24,late,2,0.0,1.0
GLM,optical_c2_p4,decimal,32,independent_characters,24,middle,2,0.0,1.0
GLM,optical_c2_p4,decimal,32,repeated_4char_motif,8,early,2,0.0,3.0
GLM,optical_c2_p4,decimal,32,repeated_4char_motif,8,late,2,0.0,3.0
GLM,optical_c2_p4,decimal,32,repeated_4char_motif,8,middle,2,0.0,3.0
GLM,optical_c2_p4,decimal,32,repeated_4char_motif,24,early,2,0.0,1.0
GLM,optical_c2_p4,decimal,32,repeated_4char_motif,24,late,2,0.0,1.0
GLM,optical_c2_p4,decimal,32,repeated_4char_motif,24,middle,2,0.0,1.0
GLM,optical_c2_p4,lowercase_alphanumeric,4,independent_characters,8,early,2,0.0,2.75
GLM,optical_c2_p4,lowercase_alphanumeric,4,independent_characters,8,late,2,0.0,2.75
GLM,optical_c2_p4,lowercase_alphanumeric,4,independent_characters,8,middle,2,0.0,2.8125
GLM,optical_c2_p4,lowercase_alphanumeric,4,independent_characters,24,early,2,0.0,0.9791666666666667
GLM,optical_c2_p4,lowercase_alphanumeric,4,independent_characters,24,late,2,0.0,0.9791666666666667
GLM,optical_c2_p4,lowercase_alphanumeric,4,independent_characters,24,middle,2,0.0,0.9583333333333334
GLM,optical_c2_p4,lowercase_alphanumeric,4,repeated_4char_motif,8,early,2,0.0,2.8125
GLM,optical_c2_p4,lowercase_alphanumeric,4,repeated_4char_motif,8,late,2,0.0,2.0625
GLM,optical_c2_p4,lowercase_alphanumeric,4,repeated_4char_motif,8,middle,2,0.0,2.8125
GLM,optical_c2_p4,lowercase_alphanumeric,4,repeated_4char_motif,24,early,2,0.0,0.9791666666666667
GLM,optical_c2_p4,lowercase_alphanumeric,4,repeated_4char_motif,24,late,2,0.0,1.0
GLM,optical_c2_p4,lowercase_alphanumeric,4,repeated_4char_motif,24,middle,2,0.0,0.9583333333333333
GLM,optical_c2_p4,lowercase_alphanumeric,32,independent_characters,8,early,2,0.0,2.6875
GLM,optical_c2_p4,lowercase_alphanumeric,32,independent_characters,8,late,2,0.0,2.6875
GLM,optical_c2_p4,lowercase_alphanumeric,32,independent_characters,8,middle,2,0.0,2.8125
GLM,optical_c2_p4,lowercase_alphanumeric,32,independent_characters,24,early,2,0.0,0.9583333333333333
GLM,optical_c2_p4,lowercase_alphanumeric,32,independent_characters,24,late,2,0.0,0.9583333333333333
GLM,optical_c2_p4,lowercase_alphanumeric,32,independent_characters,24,middle,2,0.0,0.9375
GLM,optical_c2_p4,lowercase_alphanumeric,32,repeated_4char_motif,8,early,2,0.0,1.875
GLM,optical_c2_p4,lowercase_alphanumeric,32,repeated_4char_motif,8,late,2,0.0,2.8125
GLM,optical_c2_p4,lowercase_alphanumeric,32,repeated_4char_motif,8,middle,2,0.0,2.8125
GLM,optical_c2_p4,lowercase_alphanumeric,32,repeated_4char_motif,24,early,2,0.0,0.9375
GLM,optical_c2_p4,lowercase_alphanumeric,32,repeated_4char_motif,24,late,2,0.0,0.9375
GLM,optical_c2_p4,lowercase_alphanumeric,32,repeated_4char_motif,24,middle,2,0.0,0.9375
GLM,optical_c4_p2,decimal,4,independent_characters,8,early,2,0.0,3.0
GLM,optical_c4_p2,decimal,4,independent_characters,8,late,2,0.0,3.0
GLM,optical_c4_p2,decimal,4,independent_characters,8,middle,2,0.0,3.0
GLM,optical_c4_p2,decimal,4,independent_characters,24,early,2,0.0,1.0
GLM,optical_c4_p2,decimal,4,independent_characters,24,late,2,0.0,1.0
GLM,optical_c4_p2,decimal,4,independent_characters,24,middle,2,0.0,1.0
GLM,optical_c4_p2,decimal,4,repeated_4char_motif,8,early,2,0.0,3.0
GLM,optical_c4_p2,decimal,4,repeated_4char_motif,8,late,2,0.0,3.0
GLM,optical_c4_p2,decimal,4,repeated_4char_motif,8,middle,2,0.0,3.0
GLM,optical_c4_p2,decimal,4,repeated_4char_motif,24,early,2,0.0,1.0
GLM,optical_c4_p2,decimal,4,repeated_4char_motif,24,late,2,0.0,1.0
GLM,optical_c4_p2,decimal,4,repeated_4char_motif,24,middle,2,0.0,1.0
GLM,optical_c4_p2,decimal,32,independent_characters,8,early,2,0.0,3.0
GLM,optical_c4_p2,decimal,32,independent_characters,8,late,2,0.0,3.0
GLM,optical_c4_p2,decimal,32,independent_characters,8,middle,2,0.0,3.0
GLM,optical_c4_p2,decimal,32,independent_characters,24,early,2,0.0,1.0
GLM,optical_c4_p2,decimal,32,independent_characters,24,late,2,0.0,1.0
GLM,optical_c4_p2,decimal,32,independent_characters,24,middle,2,0.0,1.0
GLM,optical_c4_p2,decimal,32,repeated_4char_motif,8,early,2,0.0,3.0
GLM,optical_c4_p2,decimal,32,repeated_4char_motif,8,late,2,0.0,3.0
GLM,optical_c4_p2,decimal,32,repeated_4char_motif,8,middle,2,0.0,3.0
GLM,optical_c4_p2,decimal,32,repeated_4char_motif,24,early,2,0.0,1.0
GLM,optical_c4_p2,decimal,32,repeated_4char_motif,24,late,2,0.0,1.0
GLM,optical_c4_p2,decimal,32,repeated_4char_motif,24,middle,2,0.0,1.0
GLM,optical_c4_p2,lowercase_alphanumeric,4,independent_characters,8,early,2,0.0,2.75
GLM,optical_c4_p2,lowercase_alphanumeric,4,independent_characters,8,late,2,0.0,2.75
GLM,optical_c4_p2,lowercase_alphanumeric,4,independent_characters,8,middle,2,0.0,2.8125
GLM,optical_c4_p2,lowercase_alphanumeric,4,independent_characters,24,early,2,0.0,0.9791666666666667
GLM,optical_c4_p2,lowercase_alphanumeric,4,independent_characters,24,late,2,0.0,0.9791666666666667
GLM,optical_c4_p2,lowercase_alphanumeric,4,independent_characters,24,middle,2,0.0,0.9583333333333334
GLM,optical_c4_p2,lowercase_alphanumeric,4,repeated_4char_motif,8,early,2,0.0,2.8125
GLM,optical_c4_p2,lowercase_alphanumeric,4,repeated_4char_motif,8,late,2,0.0,2.9375
GLM,optical_c4_p2,lowercase_alphanumeric,4,repeated_4char_motif,8,middle,2,0.0,2.8125
GLM,optical_c4_p2,lowercase_alphanumeric,4,repeated_4char_motif,24,early,2,0.0,0.9791666666666667
GLM,optical_c4_p2,lowercase_alphanumeric,4,repeated_4char_motif,24,late,2,0.0,1.0
GLM,optical_c4_p2,lowercase_alphanumeric,4,repeated_4char_motif,24,middle,2,0.0,0.9583333333333333
GLM,optical_c4_p2,lowercase_alphanumeric,32,independent_characters,8,early,2,0.0,2.6875
GLM,optical_c4_p2,lowercase_alphanumeric,32,independent_characters,8,late,2,0.0,2.6875
GLM,optical_c4_p2,lowercase_alphanumeric,32,independent_characters,8,middle,2,0.0,2.8125
GLM,optical_c4_p2,lowercase_alphanumeric,32,independent_characters,24,early,2,0.0,0.9583333333333333
GLM,optical_c4_p2,lowercase_alphanumeric,32,independent_characters,24,late,2,0.0,0.9583333333333333
GLM,optical_c4_p2,lowercase_alphanumeric,32,independent_characters,24,middle,2,0.0,0.9375
GLM,optical_c4_p2,lowercase_alphanumeric,32,repeated_4char_motif,8,early,2,0.0,2.625
GLM,optical_c4_p2,lowercase_alphanumeric,32,repeated_4char_motif,8,late,2,0.0,2.8125
GLM,optical_c4_p2,lowercase_alphanumeric,32,repeated_4char_motif,8,middle,2,0.0,2.8125
GLM,optical_c4_p2,lowercase_alphanumeric,32,repeated_4char_motif,24,early,2,0.0,0.9375
GLM,optical_c4_p2,lowercase_alphanumeric,32,repeated_4char_motif,24,late,2,0.0,0.9375
GLM,optical_c4_p2,lowercase_alphanumeric,32,repeated_4char_motif,24,middle,2,0.0,0.9375
GLM,optical_c4_p4,decimal,4,independent_characters,8,early,2,0.0,3.0
GLM,optical_c4_p4,decimal,4,independent_characters,8,late,2,0.0,3.0
GLM,optical_c4_p4,decimal,4,independent_characters,8,middle,2,0.0,3.0
GLM,optical_c4_p4,decimal,4,independent_characters,24,early,2,0.0,1.0
GLM,optical_c4_p4,decimal,4,independent_characters,24,late,2,0.0,1.0
GLM,optical_c4_p4,decimal,4,independent_characters,24,middle,2,0.0,1.0
GLM,optical_c4_p4,decimal,4,repeated_4char_motif,8,early,2,0.0,3.0
GLM,optical_c4_p4,decimal,4,repeated_4char_motif,8,late,2,0.0,3.0
GLM,optical_c4_p4,decimal,4,repeated_4char_motif,8,middle,2,0.0,3.0
GLM,optical_c4_p4,decimal,4,repeated_4char_motif,24,early,2,0.0,1.0
GLM,optical_c4_p4,decimal,4,repeated_4char_motif,24,late,2,0.0,1.0
GLM,optical_c4_p4,decimal,4,repeated_4char_motif,24,middle,2,0.0,1.0
GLM,optical_c4_p4,decimal,32,independent_characters,8,early,2,0.0,3.0
GLM,optical_c4_p4,decimal,32,independent_characters,8,late,2,0.0,3.0
GLM,optical_c4_p4,decimal,32,independent_characters,8,middle,2,0.0,3.0
GLM,optical_c4_p4,decimal,32,independent_characters,24,early,2,0.0,1.0
GLM,optical_c4_p4,decimal,32,independent_characters,24,late,2,0.0,1.0
GLM,optical_c4_p4,decimal,32,independent_characters,24,middle,2,0.0,1.0
GLM,optical_c4_p4,decimal,32,repeated_4char_motif,8,early,2,0.0,3.0
GLM,optical_c4_p4,decimal,32,repeated_4char_motif,8,late,2,0.0,3.0
GLM,optical_c4_p4,decimal,32,repeated_4char_motif,8,middle,2,0.0,3.0
GLM,optical_c4_p4,decimal,32,repeated_4char_motif,24,early,2,0.0,1.0
GLM,optical_c4_p4,decimal,32,repeated_4char_motif,24,late,2,0.0,1.0
GLM,optical_c4_p4,decimal,32,repeated_4char_motif,24,middle,2,0.0,1.0
GLM,optical_c4_p4,lowercase_alphanumeric,4,independent_characters,8,early,2,0.0,2.75
GLM,optical_c4_p4,lowercase_alphanumeric,4,independent_characters,8,late,2,0.0,2.75
GLM,optical_c4_p4,lowercase_alphanumeric,4,independent_characters,8,middle,2,0.0,2.8125
GLM,optical_c4_p4,lowercase_alphanumeric,4,independent_characters,24,early,2,0.0,0.9791666666666667
GLM,optical_c4_p4,lowercase_alphanumeric,4,independent_characters,24,late,2,0.0,0.9791666666666667
GLM,optical_c4_p4,lowercase_alphanumeric,4,independent_characters,24,middle,2,0.0,0.9583333333333334
GLM,optical_c4_p4,lowercase_alphanumeric,4,repeated_4char_motif,8,early,2,0.0,2.8125
GLM,optical_c4_p4,lowercase_alphanumeric,4,repeated_4char_motif,8,late,2,0.0,2.9375
GLM,optical_c4_p4,lowercase_alphanumeric,4,repeated_4char_motif,8,middle,2,0.0,2.8125
GLM,optical_c4_p4,lowercase_alphanumeric,4,repeated_4char_motif,24,early,2,0.0,0.9791666666666667
GLM,optical_c4_p4,lowercase_alphanumeric,4,repeated_4char_motif,24,late,2,0.0,1.0
GLM,optical_c4_p4,lowercase_alphanumeric,4,repeated_4char_motif,24,middle,2,0.0,0.9583333333333333
GLM,optical_c4_p4,lowercase_alphanumeric,32,independent_characters,8,early,2,0.0,2.6875
GLM,optical_c4_p4,lowercase_alphanumeric,32,independent_characters,8,late,2,0.0,2.6875
GLM,optical_c4_p4,lowercase_alphanumeric,32,independent_characters,8,middle,2,0.0,2.8125
GLM,optical_c4_p4,lowercase_alphanumeric,32,independent_characters,24,early,2,0.0,0.9583333333333333
GLM,optical_c4_p4,lowercase_alphanumeric,32,independent_characters,24,late,2,0.0,0.9583333333333333
GLM,optical_c4_p4,lowercase_alphanumeric,32,independent_characters,24,middle,2,0.0,0.9375
GLM,optical_c4_p4,lowercase_alphanumeric,32,repeated_4char_motif,8,early,2,0.0,2.625
GLM,optical_c4_p4,lowercase_alphanumeric,32,repeated_4char_motif,8,late,2,0.0,2.8125
GLM,optical_c4_p4,lowercase_alphanumeric,32,repeated_4char_motif,8,middle,2,0.0,2.8125
GLM,optical_c4_p4,lowercase_alphanumeric,32,repeated_4char_motif,24,early,2,0.0,0.9375
GLM,optical_c4_p4,lowercase_alphanumeric,32,repeated_4char_motif,24,late,2,0.0,0.9375
GLM,optical_c4_p4,lowercase_alphanumeric,32,repeated_4char_motif,24,middle,2,0.0,0.9375
Qwen2B,full_raw,decimal,4,independent_characters,8,early,2,1.0,0.0
Qwen2B,full_raw,decimal,4,independent_characters,8,late,2,1.0,0.0
Qwen2B,full_raw,decimal,4,independent_characters,8,middle,2,1.0,0.0
Qwen2B,full_raw,decimal,4,independent_characters,24,early,2,1.0,0.0
Qwen2B,full_raw,decimal,4,independent_characters,24,late,2,1.0,0.0
Qwen2B,full_raw,decimal,4,independent_characters,24,middle,2,1.0,0.0
Qwen2B,full_raw,decimal,4,repeated_4char_motif,8,early,2,1.0,0.0
Qwen2B,full_raw,decimal,4,repeated_4char_motif,8,late,2,1.0,0.0
Qwen2B,full_raw,decimal,4,repeated_4char_motif,8,middle,2,1.0,0.0
Qwen2B,full_raw,decimal,4,repeated_4char_motif,24,early,2,1.0,0.0
Qwen2B,full_raw,decimal,4,repeated_4char_motif,24,late,2,1.0,0.0
Qwen2B,full_raw,decimal,4,repeated_4char_motif,24,middle,2,1.0,0.0
Qwen2B,full_raw,decimal,32,independent_characters,8,early,2,1.0,0.0
Qwen2B,full_raw,decimal,32,independent_characters,8,late,2,1.0,0.0
Qwen2B,full_raw,decimal,32,independent_characters,8,middle,2,1.0,0.0
Qwen2B,full_raw,decimal,32,independent_characters,24,early,2,0.5,0.4375
Qwen2B,full_raw,decimal,32,independent_characters,24,late,2,1.0,0.0
Qwen2B,full_raw,decimal,32,independent_characters,24,middle,2,1.0,0.0
Qwen2B,full_raw,decimal,32,repeated_4char_motif,8,early,2,1.0,0.0
Qwen2B,full_raw,decimal,32,repeated_4char_motif,8,late,2,0.5,0.25
Qwen2B,full_raw,decimal,32,repeated_4char_motif,8,middle,2,0.5,0.25
Qwen2B,full_raw,decimal,32,repeated_4char_motif,24,early,2,1.0,0.0
Qwen2B,full_raw,decimal,32,repeated_4char_motif,24,late,2,1.0,0.0
Qwen2B,full_raw,decimal,32,repeated_4char_motif,24,middle,2,1.0,0.0
Qwen2B,full_raw,lowercase_alphanumeric,4,independent_characters,8,early,2,1.0,0.0
Qwen2B,full_raw,lowercase_alphanumeric,4,independent_characters,8,late,2,1.0,0.0
Qwen2B,full_raw,lowercase_alphanumeric,4,independent_characters,8,middle,2,1.0,0.0
Qwen2B,full_raw,lowercase_alphanumeric,4,independent_characters,24,early,2,1.0,0.0
Qwen2B,full_raw,lowercase_alphanumeric,4,independent_characters,24,late,2,1.0,0.0
Qwen2B,full_raw,lowercase_alphanumeric,4,independent_characters,24,middle,2,1.0,0.0
Qwen2B,full_raw,lowercase_alphanumeric,4,repeated_4char_motif,8,early,2,1.0,0.0
Qwen2B,full_raw,lowercase_alphanumeric,4,repeated_4char_motif,8,late,2,1.0,0.0
Qwen2B,full_raw,lowercase_alphanumeric,4,repeated_4char_motif,8,middle,2,1.0,0.0
Qwen2B,full_raw,lowercase_alphanumeric,4,repeated_4char_motif,24,early,2,1.0,0.0
Qwen2B,full_raw,lowercase_alphanumeric,4,repeated_4char_motif,24,late,2,1.0,0.0
Qwen2B,full_raw,lowercase_alphanumeric,4,repeated_4char_motif,24,middle,2,1.0,0.0
Qwen2B,full_raw,lowercase_alphanumeric,32,independent_characters,8,early,2,1.0,0.0
Qwen2B,full_raw,lowercase_alphanumeric,32,independent_characters,8,late,2,1.0,0.0
Qwen2B,full_raw,lowercase_alphanumeric,32,independent_characters,8,middle,2,1.0,0.0
Qwen2B,full_raw,lowercase_alphanumeric,32,independent_characters,24,early,2,1.0,0.0
Qwen2B,full_raw,lowercase_alphanumeric,32,independent_characters,24,late,2,1.0,0.0
Qwen2B,full_raw,lowercase_alphanumeric,32,independent_characters,24,middle,2,1.0,0.0
Qwen2B,full_raw,lowercase_alphanumeric,32,repeated_4char_motif,8,early,2,1.0,0.0
Qwen2B,full_raw,lowercase_alphanumeric,32,repeated_4char_motif,8,late,2,1.0,0.0
Qwen2B,full_raw,lowercase_alphanumeric,32,repeated_4char_motif,8,middle,2,1.0,0.0
Qwen2B,full_raw,lowercase_alphanumeric,32,repeated_4char_motif,24,early,2,0.5,0.08333333333333333
Qwen2B,full_raw,lowercase_alphanumeric,32,repeated_4char_motif,24,late,2,0.0,0.5
Qwen2B,full_raw,lowercase_alphanumeric,32,repeated_4char_motif,24,middle,2,1.0,0.0
Qwen2B,optical_c0p8_p2,decimal,4,independent_characters,8,early,2,0.0,2.75
Qwen2B,optical_c0p8_p2,decimal,4,independent_characters,8,late,2,0.0,3.125
Qwen2B,optical_c0p8_p2,decimal,4,independent_characters,8,middle,2,0.0,2.1875
Qwen2B,optical_c0p8_p2,decimal,4,independent_characters,24,early,2,0.0,0.6458333333333334
Qwen2B,optical_c0p8_p2,decimal,4,independent_characters,24,late,2,0.0,1.0208333333333335
Qwen2B,optical_c0p8_p2,decimal,4,independent_characters,24,middle,2,0.0,1.0625
Qwen2B,optical_c0p8_p2,decimal,4,repeated_4char_motif,8,early,2,0.0,2.5625
Qwen2B,optical_c0p8_p2,decimal,4,repeated_4char_motif,8,late,2,0.0,3.125
Qwen2B,optical_c0p8_p2,decimal,4,repeated_4char_motif,8,middle,2,0.0,2.4375
Qwen2B,optical_c0p8_p2,decimal,4,repeated_4char_motif,24,early,2,0.0,2.1875
Qwen2B,optical_c0p8_p2,decimal,4,repeated_4char_motif,24,late,2,0.0,1.0
Qwen2B,optical_c0p8_p2,decimal,4,repeated_4char_motif,24,middle,2,0.0,1.0208333333333335
Qwen2B,optical_c0p8_p2,decimal,32,independent_characters,8,early,2,0.0,1.6875
Qwen2B,optical_c0p8_p2,decimal,32,independent_characters,8,late,2,0.0,2.625
Qwen2B,optical_c0p8_p2,decimal,32,independent_characters,8,middle,2,0.0,2.875
Qwen2B,optical_c0p8_p2,decimal,32,independent_characters,24,early,2,0.0,1.4166666666666667
Qwen2B,optical_c0p8_p2,decimal,32,independent_characters,24,late,2,0.0,1.125
Qwen2B,optical_c0p8_p2,decimal,32,independent_characters,24,middle,2,0.0,1.0
Qwen2B,optical_c0p8_p2,decimal,32,repeated_4char_motif,8,early,2,0.0,1.5625
Qwen2B,optical_c0p8_p2,decimal,32,repeated_4char_motif,8,late,2,0.0,2.8125
Qwen2B,optical_c0p8_p2,decimal,32,repeated_4char_motif,8,middle,2,0.0,2.8125
Qwen2B,optical_c0p8_p2,decimal,32,repeated_4char_motif,24,early,2,0.0,0.6666666666666666
Qwen2B,optical_c0p8_p2,decimal,32,repeated_4char_motif,24,late,2,0.0,1.0625
Qwen2B,optical_c0p8_p2,decimal,32,repeated_4char_motif,24,middle,2,0.0,0.9583333333333334
Qwen2B,optical_c0p8_p2,lowercase_alphanumeric,4,independent_characters,8,early,2,0.0,2.875
Qwen2B,optical_c0p8_p2,lowercase_alphanumeric,4,independent_characters,8,late,2,0.0,2.875
Qwen2B,optical_c0p8_p2,lowercase_alphanumeric,4,independent_characters,8,middle,2,0.0,2.9375
Qwen2B,optical_c0p8_p2,lowercase_alphanumeric,4,independent_characters,24,early,2,0.0,1.2083333333333335
Qwen2B,optical_c0p8_p2,lowercase_alphanumeric,4,independent_characters,24,late,2,0.0,1.0
Qwen2B,optical_c0p8_p2,lowercase_alphanumeric,4,independent_characters,24,middle,2,0.0,1.25
Qwen2B,optical_c0p8_p2,lowercase_alphanumeric,4,repeated_4char_motif,8,early,2,0.0,2.875
Qwen2B,optical_c0p8_p2,lowercase_alphanumeric,4,repeated_4char_motif,8,late,2,0.0,3.0625
Qwen2B,optical_c0p8_p2,lowercase_alphanumeric,4,repeated_4char_motif,8,middle,2,0.0,2.875
Qwen2B,optical_c0p8_p2,lowercase_alphanumeric,4,repeated_4char_motif,24,early,2,0.0,2.6875
Qwen2B,optical_c0p8_p2,lowercase_alphanumeric,4,repeated_4char_motif,24,late,2,0.0,1.0416666666666667
Qwen2B,optical_c0p8_p2,lowercase_alphanumeric,4,repeated_4char_motif,24,middle,2,0.0,1.0
Qwen2B,optical_c0p8_p2,lowercase_alphanumeric,32,independent_characters,8,early,2,0.0,1.75
Qwen2B,optical_c0p8_p2,lowercase_alphanumeric,32,independent_characters,8,late,2,0.0,3.0625
Qwen2B,optical_c0p8_p2,lowercase_alphanumeric,32,independent_characters,8,middle,2,0.0,3.0625
Qwen2B,optical_c0p8_p2,lowercase_alphanumeric,32,independent_characters,24,early,2,0.0,1.9583333333333335
Qwen2B,optical_c0p8_p2,lowercase_alphanumeric,32,independent_characters,24,late,2,0.0,1.7291666666666665
Qwen2B,optical_c0p8_p2,lowercase_alphanumeric,32,independent_characters,24,middle,2,0.0,1.1041666666666665
Qwen2B,optical_c0p8_p2,lowercase_alphanumeric,32,repeated_4char_motif,8,early,2,0.0,2.0
Qwen2B,optical_c0p8_p2,lowercase_alphanumeric,32,repeated_4char_motif,8,late,2,0.0,2.875
Qwen2B,optical_c0p8_p2,lowercase_alphanumeric,32,repeated_4char_motif,8,middle,2,0.0,3.0625
Qwen2B,optical_c0p8_p2,lowercase_alphanumeric,32,repeated_4char_motif,24,early,2,0.0,2.041666666666667
Qwen2B,optical_c0p8_p2,lowercase_alphanumeric,32,repeated_4char_motif,24,late,2,0.0,1.8333333333333335
Qwen2B,optical_c0p8_p2,lowercase_alphanumeric,32,repeated_4char_motif,24,middle,2,0.0,2.4583333333333335
Qwen2B,optical_c0p8_p4,decimal,4,independent_characters,8,early,2,0.0,1.25
Qwen2B,optical_c0p8_p4,decimal,4,independent_characters,8,late,2,0.0,3.0625
Qwen2B,optical_c0p8_p4,decimal,4,independent_characters,8,middle,2,0.5,1.3125
Qwen2B,optical_c0p8_p4,decimal,4,independent_characters,24,early,2,0.5,0.0625
Qwen2B,optical_c0p8_p4,decimal,4,independent_characters,24,late,2,0.0,0.6666666666666667
Qwen2B,optical_c0p8_p4,decimal,4,independent_characters,24,middle,2,0.0,0.2916666666666667
Qwen2B,optical_c0p8_p4,decimal,4,repeated_4char_motif,8,early,2,0.5,1.1875
Qwen2B,optical_c0p8_p4,decimal,4,repeated_4char_motif,8,late,2,0.0,2.5
Qwen2B,optical_c0p8_p4,decimal,4,repeated_4char_motif,8,middle,2,0.0,2.0
Qwen2B,optical_c0p8_p4,decimal,4,repeated_4char_motif,24,early,2,0.0,1.0416666666666667
Qwen2B,optical_c0p8_p4,decimal,4,repeated_4char_motif,24,late,2,0.0,1.2083333333333335
Qwen2B,optical_c0p8_p4,decimal,4,repeated_4char_motif,24,middle,2,0.0,0.5416666666666667
Qwen2B,optical_c0p8_p4,decimal,32,independent_characters,8,early,2,0.0,1.375
Qwen2B,optical_c0p8_p4,decimal,32,independent_characters,8,late,2,1.0,0.0
Qwen2B,optical_c0p8_p4,decimal,32,independent_characters,8,middle,2,0.0,2.375
Qwen2B,optical_c0p8_p4,decimal,32,independent_characters,24,early,2,1.0,0.0
Qwen2B,optical_c0p8_p4,decimal,32,independent_characters,24,late,2,1.0,0.0
Qwen2B,optical_c0p8_p4,decimal,32,independent_characters,24,middle,2,0.5,0.020833333333333332
Qwen2B,optical_c0p8_p4,decimal,32,repeated_4char_motif,8,early,2,0.5,0.125
Qwen2B,optical_c0p8_p4,decimal,32,repeated_4char_motif,8,late,2,1.0,0.0
Qwen2B,optical_c0p8_p4,decimal,32,repeated_4char_motif,8,middle,2,0.0,2.5625
Qwen2B,optical_c0p8_p4,decimal,32,repeated_4char_motif,24,early,2,0.0,0.20833333333333331
Qwen2B,optical_c0p8_p4,decimal,32,repeated_4char_motif,24,late,2,0.0,0.14583333333333331
Qwen2B,optical_c0p8_p4,decimal,32,repeated_4char_motif,24,middle,2,0.0,0.22916666666666669
Qwen2B,optical_c0p8_p4,lowercase_alphanumeric,4,independent_characters,8,early,2,0.0,0.5
Qwen2B,optical_c0p8_p4,lowercase_alphanumeric,4,independent_characters,8,late,2,0.0,2.8125
Qwen2B,optical_c0p8_p4,lowercase_alphanumeric,4,independent_characters,8,middle,2,0.0,2.6875
Qwen2B,optical_c0p8_p4,lowercase_alphanumeric,4,independent_characters,24,early,2,0.0,0.3333333333333333
Qwen2B,optical_c0p8_p4,lowercase_alphanumeric,4,independent_characters,24,late,2,0.0,1.4791666666666667
Qwen2B,optical_c0p8_p4,lowercase_alphanumeric,4,independent_characters,24,middle,2,0.0,0.8333333333333333
Qwen2B,optical_c0p8_p4,lowercase_alphanumeric,4,repeated_4char_motif,8,early,2,0.0,2.75
Qwen2B,optical_c0p8_p4,lowercase_alphanumeric,4,repeated_4char_motif,8,late,2,0.0,0.4375
Qwen2B,optical_c0p8_p4,lowercase_alphanumeric,4,repeated_4char_motif,8,middle,2,0.0,0.6875
Qwen2B,optical_c0p8_p4,lowercase_alphanumeric,4,repeated_4char_motif,24,early,2,0.0,1.0833333333333335
Qwen2B,optical_c0p8_p4,lowercase_alphanumeric,4,repeated_4char_motif,24,late,2,0.0,0.7291666666666666
Qwen2B,optical_c0p8_p4,lowercase_alphanumeric,4,repeated_4char_motif,24,middle,2,0.0,1.2083333333333335
Qwen2B,optical_c0p8_p4,lowercase_alphanumeric,32,independent_characters,8,early,2,0.0,0.25
Qwen2B,optical_c0p8_p4,lowercase_alphanumeric,32,independent_characters,8,late,2,0.0,2.8125
Qwen2B,optical_c0p8_p4,lowercase_alphanumeric,32,independent_characters,8,middle,2,0.0,1.5625
Qwen2B,optical_c0p8_p4,lowercase_alphanumeric,32,independent_characters,24,early,2,0.0,0.27083333333333337
Qwen2B,optical_c0p8_p4,lowercase_alphanumeric,32,independent_characters,24,late,2,0.0,0.41666666666666663
Qwen2B,optical_c0p8_p4,lowercase_alphanumeric,32,independent_characters,24,middle,2,0.0,0.33333333333333337
Qwen2B,optical_c0p8_p4,lowercase_alphanumeric,32,repeated_4char_motif,8,early,2,0.0,0.375
Qwen2B,optical_c0p8_p4,lowercase_alphanumeric,32,repeated_4char_motif,8,late,2,0.0,1.5
Qwen2B,optical_c0p8_p4,lowercase_alphanumeric,32,repeated_4char_motif,8,middle,2,0.0,0.4375
Qwen2B,optical_c0p8_p4,lowercase_alphanumeric,32,repeated_4char_motif,24,early,2,0.0,0.9583333333333334
Qwen2B,optical_c0p8_p4,lowercase_alphanumeric,32,repeated_4char_motif,24,late,2,0.0,1.0416666666666665
Qwen2B,optical_c0p8_p4,lowercase_alphanumeric,32,repeated_4char_motif,24,middle,2,0.0,0.20833333333333334
Qwen2B,optical_c2_p2,decimal,4,independent_characters,8,early,2,0.0,1.25
Qwen2B,optical_c2_p2,decimal,4,independent_characters,8,late,2,0.0,1.25
Qwen2B,optical_c2_p2,decimal,4,independent_characters,8,middle,2,0.0,1.25
Qwen2B,optical_c2_p2,decimal,4,independent_characters,24,early,2,0.0,1.0
Qwen2B,optical_c2_p2,decimal,4,independent_characters,24,late,2,0.0,1.0208333333333335
Qwen2B,optical_c2_p2,decimal,4,independent_characters,24,middle,2,0.0,1.0
Qwen2B,optical_c2_p2,decimal,4,repeated_4char_motif,8,early,2,0.0,1.25
Qwen2B,optical_c2_p2,decimal,4,repeated_4char_motif,8,late,2,0.0,1.25
Qwen2B,optical_c2_p2,decimal,4,repeated_4char_motif,8,middle,2,0.0,2.1875
Qwen2B,optical_c2_p2,decimal,4,repeated_4char_motif,24,early,2,0.0,1.0
Qwen2B,optical_c2_p2,decimal,4,repeated_4char_motif,24,late,2,0.0,1.0208333333333335
Qwen2B,optical_c2_p2,decimal,4,repeated_4char_motif,24,middle,2,0.0,1.0
Qwen2B,optical_c2_p2,decimal,32,independent_characters,8,early,2,0.0,1.25
Qwen2B,optical_c2_p2,decimal,32,independent_characters,8,late,2,0.0,3.125
Qwen2B,optical_c2_p2,decimal,32,independent_characters,8,middle,2,0.0,2.1875
Qwen2B,optical_c2_p2,decimal,32,independent_characters,24,early,2,0.0,1.0
Qwen2B,optical_c2_p2,decimal,32,independent_characters,24,late,2,0.0,1.0
Qwen2B,optical_c2_p2,decimal,32,independent_characters,24,middle,2,0.0,1.0208333333333335
Qwen2B,optical_c2_p2,decimal,32,repeated_4char_motif,8,early,2,0.0,3.125
Qwen2B,optical_c2_p2,decimal,32,repeated_4char_motif,8,late,2,0.0,2.1875
Qwen2B,optical_c2_p2,decimal,32,repeated_4char_motif,8,middle,2,0.0,2.1875
Qwen2B,optical_c2_p2,decimal,32,repeated_4char_motif,24,early,2,0.0,1.0
Qwen2B,optical_c2_p2,decimal,32,repeated_4char_motif,24,late,2,0.0,1.0416666666666667
Qwen2B,optical_c2_p2,decimal,32,repeated_4char_motif,24,middle,2,0.0,1.0416666666666667
Qwen2B,optical_c2_p2,lowercase_alphanumeric,4,independent_characters,8,early,2,0.0,1.25
Qwen2B,optical_c2_p2,lowercase_alphanumeric,4,independent_characters,8,late,2,0.0,1.25
Qwen2B,optical_c2_p2,lowercase_alphanumeric,4,independent_characters,8,middle,2,0.0,2.125
Qwen2B,optical_c2_p2,lowercase_alphanumeric,4,independent_characters,24,early,2,0.0,1.0
Qwen2B,optical_c2_p2,lowercase_alphanumeric,4,independent_characters,24,late,2,0.0,1.0
Qwen2B,optical_c2_p2,lowercase_alphanumeric,4,independent_characters,24,middle,2,0.0,1.0
Qwen2B,optical_c2_p2,lowercase_alphanumeric,4,repeated_4char_motif,8,early,2,0.0,1.25
Qwen2B,optical_c2_p2,lowercase_alphanumeric,4,repeated_4char_motif,8,late,2,0.0,1.25
Qwen2B,optical_c2_p2,lowercase_alphanumeric,4,repeated_4char_motif,8,middle,2,0.0,1.25
Qwen2B,optical_c2_p2,lowercase_alphanumeric,4,repeated_4char_motif,24,early,2,0.0,1.0
Qwen2B,optical_c2_p2,lowercase_alphanumeric,4,repeated_4char_motif,24,late,2,0.0,1.0
Qwen2B,optical_c2_p2,lowercase_alphanumeric,4,repeated_4char_motif,24,middle,2,0.0,1.0
Qwen2B,optical_c2_p2,lowercase_alphanumeric,32,independent_characters,8,early,2,0.0,1.25
Qwen2B,optical_c2_p2,lowercase_alphanumeric,32,independent_characters,8,late,2,0.0,2.125
Qwen2B,optical_c2_p2,lowercase_alphanumeric,32,independent_characters,8,middle,2,0.0,1.25
Qwen2B,optical_c2_p2,lowercase_alphanumeric,32,independent_characters,24,early,2,0.0,1.0
Qwen2B,optical_c2_p2,lowercase_alphanumeric,32,independent_characters,24,late,2,0.0,1.0208333333333335
Qwen2B,optical_c2_p2,lowercase_alphanumeric,32,independent_characters,24,middle,2,0.0,0.9791666666666667
Qwen2B,optical_c2_p2,lowercase_alphanumeric,32,repeated_4char_motif,8,early,2,0.0,2.0625
Qwen2B,optical_c2_p2,lowercase_alphanumeric,32,repeated_4char_motif,8,late,2,0.0,1.25
Qwen2B,optical_c2_p2,lowercase_alphanumeric,32,repeated_4char_motif,8,middle,2,0.0,2.125
Qwen2B,optical_c2_p2,lowercase_alphanumeric,32,repeated_4char_motif,24,early,2,0.0,0.9583333333333333
Qwen2B,optical_c2_p2,lowercase_alphanumeric,32,repeated_4char_motif,24,late,2,0.0,0.9791666666666667
Qwen2B,optical_c2_p2,lowercase_alphanumeric,32,repeated_4char_motif,24,middle,2,0.0,0.9791666666666667
Qwen2B,optical_c2_p4,decimal,4,independent_characters,8,early,2,0.0,2.0625
Qwen2B,optical_c2_p4,decimal,4,independent_characters,8,late,2,0.0,2.25
Qwen2B,optical_c2_p4,decimal,4,independent_characters,8,middle,2,0.0,3.125
Qwen2B,optical_c2_p4,decimal,4,independent_characters,24,early,2,0.0,1.4791666666666665
Qwen2B,optical_c2_p4,decimal,4,independent_characters,24,late,2,0.0,1.0208333333333335
Qwen2B,optical_c2_p4,decimal,4,independent_characters,24,middle,2,0.0,1.2708333333333335
Qwen2B,optical_c2_p4,decimal,4,repeated_4char_motif,8,early,2,0.0,2.875
Qwen2B,optical_c2_p4,decimal,4,repeated_4char_motif,8,late,2,0.0,2.1875
Qwen2B,optical_c2_p4,decimal,4,repeated_4char_motif,8,middle,2,0.0,2.0625
Qwen2B,optical_c2_p4,decimal,4,repeated_4char_motif,24,early,2,0.0,1.0208333333333335
Qwen2B,optical_c2_p4,decimal,4,repeated_4char_motif,24,late,2,0.0,1.0208333333333335
Qwen2B,optical_c2_p4,decimal,4,repeated_4char_motif,24,middle,2,0.0,1.0208333333333335
Qwen2B,optical_c2_p4,decimal,32,independent_characters,8,early,2,0.0,3.125
Qwen2B,optical_c2_p4,decimal,32,independent_characters,8,late,2,0.0,2.1875
Qwen2B,optical_c2_p4,decimal,32,independent_characters,8,middle,2,0.0,3.125
Qwen2B,optical_c2_p4,decimal,32,independent_characters,24,early,2,0.0,1.0208333333333335
Qwen2B,optical_c2_p4,decimal,32,independent_characters,24,late,2,0.0,0.9791666666666667
Qwen2B,optical_c2_p4,decimal,32,independent_characters,24,middle,2,0.0,1.0
Qwen2B,optical_c2_p4,decimal,32,repeated_4char_motif,8,early,2,0.0,3.0625
Qwen2B,optical_c2_p4,decimal,32,repeated_4char_motif,8,late,2,0.0,2.125
Qwen2B,optical_c2_p4,decimal,32,repeated_4char_motif,8,middle,2,0.0,3.125
Qwen2B,optical_c2_p4,decimal,32,repeated_4char_motif,24,early,2,0.0,1.5833333333333335
Qwen2B,optical_c2_p4,decimal,32,repeated_4char_motif,24,late,2,0.0,1.0208333333333335
Qwen2B,optical_c2_p4,decimal,32,repeated_4char_motif,24,middle,2,0.0,1.4791666666666665
Qwen2B,optical_c2_p4,lowercase_alphanumeric,4,independent_characters,8,early,2,0.0,1.875
Qwen2B,optical_c2_p4,lowercase_alphanumeric,4,independent_characters,8,late,2,0.0,2.875
Qwen2B,optical_c2_p4,lowercase_alphanumeric,4,independent_characters,8,middle,2,0.0,2.125
Qwen2B,optical_c2_p4,lowercase_alphanumeric,4,independent_characters,24,early,2,0.0,1.8333333333333333
Qwen2B,optical_c2_p4,lowercase_alphanumeric,4,independent_characters,24,late,2,0.0,1.0
Qwen2B,optical_c2_p4,lowercase_alphanumeric,4,independent_characters,24,middle,2,0.0,0.9791666666666667
Qwen2B,optical_c2_p4,lowercase_alphanumeric,4,repeated_4char_motif,8,early,2,0.0,9.3125
Qwen2B,optical_c2_p4,lowercase_alphanumeric,4,repeated_4char_motif,8,late,2,0.0,2.0
Qwen2B,optical_c2_p4,lowercase_alphanumeric,4,repeated_4char_motif,8,middle,2,0.0,2.875
Qwen2B,optical_c2_p4,lowercase_alphanumeric,4,repeated_4char_motif,24,early,2,0.0,2.5416666666666665
Qwen2B,optical_c2_p4,lowercase_alphanumeric,4,repeated_4char_motif,24,late,2,0.0,2.0833333333333335
Qwen2B,optical_c2_p4,lowercase_alphanumeric,4,repeated_4char_motif,24,middle,2,0.0,0.9791666666666667
Qwen2B,optical_c2_p4,lowercase_alphanumeric,32,independent_characters,8,early,2,0.0,2.8125
Qwen2B,optical_c2_p4,lowercase_alphanumeric,32,independent_characters,8,late,2,0.0,1.75
Qwen2B,optical_c2_p4,lowercase_alphanumeric,32,independent_characters,8,middle,2,0.0,2.9375
Qwen2B,optical_c2_p4,lowercase_alphanumeric,32,independent_characters,24,early,2,0.0,1.4791666666666667
Qwen2B,optical_c2_p4,lowercase_alphanumeric,32,independent_characters,24,late,2,0.0,1.5
Qwen2B,optical_c2_p4,lowercase_alphanumeric,32,independent_characters,24,middle,2,0.0,2.0625
Qwen2B,optical_c2_p4,lowercase_alphanumeric,32,repeated_4char_motif,8,early,2,0.0,2.875
Qwen2B,optical_c2_p4,lowercase_alphanumeric,32,repeated_4char_motif,8,late,2,0.0,2.875
Qwen2B,optical_c2_p4,lowercase_alphanumeric,32,repeated_4char_motif,8,middle,2,0.0,2.9375
Qwen2B,optical_c2_p4,lowercase_alphanumeric,32,repeated_4char_motif,24,early,2,0.0,0.9583333333333333
Qwen2B,optical_c2_p4,lowercase_alphanumeric,32,repeated_4char_motif,24,late,2,0.0,0.9791666666666667
Qwen2B,optical_c2_p4,lowercase_alphanumeric,32,repeated_4char_motif,24,middle,2,0.0,0.9791666666666667
Qwen2B,optical_c4_p2,decimal,4,independent_characters,8,early,2,0.0,1.25
Qwen2B,optical_c4_p2,decimal,4,independent_characters,8,late,2,0.0,1.25
Qwen2B,optical_c4_p2,decimal,4,independent_characters,8,middle,2,0.0,1.25
Qwen2B,optical_c4_p2,decimal,4,independent_characters,24,early,2,0.0,1.0
Qwen2B,optical_c4_p2,decimal,4,independent_characters,24,late,2,0.0,1.0
Qwen2B,optical_c4_p2,decimal,4,independent_characters,24,middle,2,0.0,1.0
Qwen2B,optical_c4_p2,decimal,4,repeated_4char_motif,8,early,2,0.0,1.25
Qwen2B,optical_c4_p2,decimal,4,repeated_4char_motif,8,late,2,0.0,1.25
Qwen2B,optical_c4_p2,decimal,4,repeated_4char_motif,8,middle,2,0.0,1.25
Qwen2B,optical_c4_p2,decimal,4,repeated_4char_motif,24,early,2,0.0,1.0
Qwen2B,optical_c4_p2,decimal,4,repeated_4char_motif,24,late,2,0.0,1.0208333333333335
Qwen2B,optical_c4_p2,decimal,4,repeated_4char_motif,24,middle,2,0.0,1.0
Qwen2B,optical_c4_p2,decimal,32,independent_characters,8,early,2,0.0,1.25
Qwen2B,optical_c4_p2,decimal,32,independent_characters,8,late,2,0.0,1.25
Qwen2B,optical_c4_p2,decimal,32,independent_characters,8,middle,2,0.0,1.25
Qwen2B,optical_c4_p2,decimal,32,independent_characters,24,early,2,0.0,1.0
Qwen2B,optical_c4_p2,decimal,32,independent_characters,24,late,2,0.0,1.0
Qwen2B,optical_c4_p2,decimal,32,independent_characters,24,middle,2,0.0,1.0
Qwen2B,optical_c4_p2,decimal,32,repeated_4char_motif,8,early,2,0.0,1.25
Qwen2B,optical_c4_p2,decimal,32,repeated_4char_motif,8,late,2,0.0,1.25
Qwen2B,optical_c4_p2,decimal,32,repeated_4char_motif,8,middle,2,0.0,1.25
Qwen2B,optical_c4_p2,decimal,32,repeated_4char_motif,24,early,2,0.0,1.0
Qwen2B,optical_c4_p2,decimal,32,repeated_4char_motif,24,late,2,0.0,1.0208333333333335
Qwen2B,optical_c4_p2,decimal,32,repeated_4char_motif,24,middle,2,0.0,1.0
Qwen2B,optical_c4_p2,lowercase_alphanumeric,4,independent_characters,8,early,2,0.0,1.25
Qwen2B,optical_c4_p2,lowercase_alphanumeric,4,independent_characters,8,late,2,0.0,1.25
Qwen2B,optical_c4_p2,lowercase_alphanumeric,4,independent_characters,8,middle,2,0.0,1.25
Qwen2B,optical_c4_p2,lowercase_alphanumeric,4,independent_characters,24,early,2,0.0,1.0
Qwen2B,optical_c4_p2,lowercase_alphanumeric,4,independent_characters,24,late,2,0.0,1.0
Qwen2B,optical_c4_p2,lowercase_alphanumeric,4,independent_characters,24,middle,2,0.0,1.0
Qwen2B,optical_c4_p2,lowercase_alphanumeric,4,repeated_4char_motif,8,early,2,0.0,1.25
Qwen2B,optical_c4_p2,lowercase_alphanumeric,4,repeated_4char_motif,8,late,2,0.0,1.25
Qwen2B,optical_c4_p2,lowercase_alphanumeric,4,repeated_4char_motif,8,middle,2,0.0,1.25
Qwen2B,optical_c4_p2,lowercase_alphanumeric,4,repeated_4char_motif,24,early,2,0.0,1.0
Qwen2B,optical_c4_p2,lowercase_alphanumeric,4,repeated_4char_motif,24,late,2,0.0,1.0
Qwen2B,optical_c4_p2,lowercase_alphanumeric,4,repeated_4char_motif,24,middle,2,0.0,1.0
Qwen2B,optical_c4_p2,lowercase_alphanumeric,32,independent_characters,8,early,2,0.0,1.25
Qwen2B,optical_c4_p2,lowercase_alphanumeric,32,independent_characters,8,late,2,0.0,1.25
Qwen2B,optical_c4_p2,lowercase_alphanumeric,32,independent_characters,8,middle,2,0.0,1.25
Qwen2B,optical_c4_p2,lowercase_alphanumeric,32,independent_characters,24,early,2,0.0,1.0
Qwen2B,optical_c4_p2,lowercase_alphanumeric,32,independent_characters,24,late,2,0.0,1.0
Qwen2B,optical_c4_p2,lowercase_alphanumeric,32,independent_characters,24,middle,2,0.0,1.0
Qwen2B,optical_c4_p2,lowercase_alphanumeric,32,repeated_4char_motif,8,early,2,0.0,1.25
Qwen2B,optical_c4_p2,lowercase_alphanumeric,32,repeated_4char_motif,8,late,2,0.0,1.25
Qwen2B,optical_c4_p2,lowercase_alphanumeric,32,repeated_4char_motif,8,middle,2,0.0,1.25
Qwen2B,optical_c4_p2,lowercase_alphanumeric,32,repeated_4char_motif,24,early,2,0.0,1.0
Qwen2B,optical_c4_p2,lowercase_alphanumeric,32,repeated_4char_motif,24,late,2,0.0,1.0
Qwen2B,optical_c4_p2,lowercase_alphanumeric,32,repeated_4char_motif,24,middle,2,0.0,1.0
Qwen2B,optical_c4_p4,decimal,4,independent_characters,8,early,2,0.0,1.25
Qwen2B,optical_c4_p4,decimal,4,independent_characters,8,late,2,0.0,1.25
Qwen2B,optical_c4_p4,decimal,4,independent_characters,8,middle,2,0.0,1.25
Qwen2B,optical_c4_p4,decimal,4,independent_characters,24,early,2,0.0,1.0
Qwen2B,optical_c4_p4,decimal,4,independent_characters,24,late,2,0.0,1.0208333333333335
Qwen2B,optical_c4_p4,decimal,4,independent_characters,24,middle,2,0.0,1.0
Qwen2B,optical_c4_p4,decimal,4,repeated_4char_motif,8,early,2,0.0,1.25
Qwen2B,optical_c4_p4,decimal,4,repeated_4char_motif,8,late,2,0.0,1.25
Qwen2B,optical_c4_p4,decimal,4,repeated_4char_motif,8,middle,2,0.0,2.1875
Qwen2B,optical_c4_p4,decimal,4,repeated_4char_motif,24,early,2,0.0,1.0208333333333335
Qwen2B,optical_c4_p4,decimal,4,repeated_4char_motif,24,late,2,0.0,1.0208333333333335
Qwen2B,optical_c4_p4,decimal,4,repeated_4char_motif,24,middle,2,0.0,1.0208333333333335
Qwen2B,optical_c4_p4,decimal,32,independent_characters,8,early,2,0.0,2.1875
Qwen2B,optical_c4_p4,decimal,32,independent_characters,8,late,2,0.0,2.1875
Qwen2B,optical_c4_p4,decimal,32,independent_characters,8,middle,2,0.0,2.1875
Qwen2B,optical_c4_p4,decimal,32,independent_characters,24,early,2,0.0,1.0
Qwen2B,optical_c4_p4,decimal,32,independent_characters,24,late,2,0.0,1.0
Qwen2B,optical_c4_p4,decimal,32,independent_characters,24,middle,2,0.0,1.0
Qwen2B,optical_c4_p4,decimal,32,repeated_4char_motif,8,early,2,0.0,3.125
Qwen2B,optical_c4_p4,decimal,32,repeated_4char_motif,8,late,2,0.0,2.1875
Qwen2B,optical_c4_p4,decimal,32,repeated_4char_motif,8,middle,2,0.0,3.125
Qwen2B,optical_c4_p4,decimal,32,repeated_4char_motif,24,early,2,0.0,1.0208333333333335
Qwen2B,optical_c4_p4,decimal,32,repeated_4char_motif,24,late,2,0.0,1.0416666666666667
Qwen2B,optical_c4_p4,decimal,32,repeated_4char_motif,24,middle,2,0.0,1.0416666666666667
Qwen2B,optical_c4_p4,lowercase_alphanumeric,4,independent_characters,8,early,2,0.0,2.0625
Qwen2B,optical_c4_p4,lowercase_alphanumeric,4,independent_characters,8,late,2,0.0,2.0625
Qwen2B,optical_c4_p4,lowercase_alphanumeric,4,independent_characters,8,middle,2,0.0,2.125
Qwen2B,optical_c4_p4,lowercase_alphanumeric,4,independent_characters,24,early,2,0.0,1.0
Qwen2B,optical_c4_p4,lowercase_alphanumeric,4,independent_characters,24,late,2,0.0,1.0
Qwen2B,optical_c4_p4,lowercase_alphanumeric,4,independent_characters,24,middle,2,0.0,1.0
Qwen2B,optical_c4_p4,lowercase_alphanumeric,4,repeated_4char_motif,8,early,2,0.0,2.125
Qwen2B,optical_c4_p4,lowercase_alphanumeric,4,repeated_4char_motif,8,late,2,0.0,2.1875
Qwen2B,optical_c4_p4,lowercase_alphanumeric,4,repeated_4char_motif,8,middle,2,0.0,2.125
Qwen2B,optical_c4_p4,lowercase_alphanumeric,4,repeated_4char_motif,24,early,2,0.0,1.0
Qwen2B,optical_c4_p4,lowercase_alphanumeric,4,repeated_4char_motif,24,late,2,0.0,1.0208333333333335
Qwen2B,optical_c4_p4,lowercase_alphanumeric,4,repeated_4char_motif,24,middle,2,0.0,1.0
Qwen2B,optical_c4_p4,lowercase_alphanumeric,32,independent_characters,8,early,2,0.0,2.0
Qwen2B,optical_c4_p4,lowercase_alphanumeric,32,independent_characters,8,late,2,0.0,2.125
Qwen2B,optical_c4_p4,lowercase_alphanumeric,32,independent_characters,8,middle,2,0.0,2.125
Qwen2B,optical_c4_p4,lowercase_alphanumeric,32,independent_characters,24,early,2,0.0,1.0
Qwen2B,optical_c4_p4,lowercase_alphanumeric,32,independent_characters,24,late,2,0.0,0.9791666666666667
Qwen2B,optical_c4_p4,lowercase_alphanumeric,32,independent_characters,24,middle,2,0.0,0.9791666666666667
Qwen2B,optical_c4_p4,lowercase_alphanumeric,32,repeated_4char_motif,8,early,2,0.0,2.0625
Qwen2B,optical_c4_p4,lowercase_alphanumeric,32,repeated_4char_motif,8,late,2,0.0,1.25
Qwen2B,optical_c4_p4,lowercase_alphanumeric,32,repeated_4char_motif,8,middle,2,0.0,2.125
Qwen2B,optical_c4_p4,lowercase_alphanumeric,32,repeated_4char_motif,24,early,2,0.0,0.9583333333333333
Qwen2B,optical_c4_p4,lowercase_alphanumeric,32,repeated_4char_motif,24,late,2,0.0,0.9791666666666667
Qwen2B,optical_c4_p4,lowercase_alphanumeric,32,repeated_4char_motif,24,middle,2,0.0,0.9791666666666667
Qwen9B,full_raw,decimal,4,independent_characters,8,early,2,1.0,0.0
Qwen9B,full_raw,decimal,4,independent_characters,8,late,2,1.0,0.0
Qwen9B,full_raw,decimal,4,independent_characters,8,middle,2,1.0,0.0
Qwen9B,full_raw,decimal,4,independent_characters,24,early,2,1.0,0.0
Qwen9B,full_raw,decimal,4,independent_characters,24,late,2,1.0,0.0
Qwen9B,full_raw,decimal,4,independent_characters,24,middle,2,1.0,0.0
Qwen9B,full_raw,decimal,4,repeated_4char_motif,8,early,2,1.0,0.0
Qwen9B,full_raw,decimal,4,repeated_4char_motif,8,late,2,1.0,0.0
Qwen9B,full_raw,decimal,4,repeated_4char_motif,8,middle,2,1.0,0.0
Qwen9B,full_raw,decimal,4,repeated_4char_motif,24,early,2,1.0,0.0
Qwen9B,full_raw,decimal,4,repeated_4char_motif,24,late,2,1.0,0.0
Qwen9B,full_raw,decimal,4,repeated_4char_motif,24,middle,2,1.0,0.0
Qwen9B,full_raw,decimal,32,independent_characters,8,early,2,1.0,0.0
Qwen9B,full_raw,decimal,32,independent_characters,8,late,2,1.0,0.0
Qwen9B,full_raw,decimal,32,independent_characters,8,middle,2,1.0,0.0
Qwen9B,full_raw,decimal,32,independent_characters,24,early,2,1.0,0.0
Qwen9B,full_raw,decimal,32,independent_characters,24,late,2,1.0,0.0
Qwen9B,full_raw,decimal,32,independent_characters,24,middle,2,1.0,0.0
Qwen9B,full_raw,decimal,32,repeated_4char_motif,8,early,2,1.0,0.0
Qwen9B,full_raw,decimal,32,repeated_4char_motif,8,late,2,1.0,0.0
Qwen9B,full_raw,decimal,32,repeated_4char_motif,8,middle,2,1.0,0.0
Qwen9B,full_raw,decimal,32,repeated_4char_motif,24,early,2,0.5,0.5
Qwen9B,full_raw,decimal,32,repeated_4char_motif,24,late,2,0.5,0.5
Qwen9B,full_raw,decimal,32,repeated_4char_motif,24,middle,2,0.5,0.5
Qwen9B,full_raw,lowercase_alphanumeric,4,independent_characters,8,early,2,1.0,0.0
Qwen9B,full_raw,lowercase_alphanumeric,4,independent_characters,8,late,2,1.0,0.0
Qwen9B,full_raw,lowercase_alphanumeric,4,independent_characters,8,middle,2,1.0,0.0
Qwen9B,full_raw,lowercase_alphanumeric,4,independent_characters,24,early,2,1.0,0.0
Qwen9B,full_raw,lowercase_alphanumeric,4,independent_characters,24,late,2,1.0,0.0
Qwen9B,full_raw,lowercase_alphanumeric,4,independent_characters,24,middle,2,1.0,0.0
Qwen9B,full_raw,lowercase_alphanumeric,4,repeated_4char_motif,8,early,2,1.0,0.0
Qwen9B,full_raw,lowercase_alphanumeric,4,repeated_4char_motif,8,late,2,1.0,0.0
Qwen9B,full_raw,lowercase_alphanumeric,4,repeated_4char_motif,8,middle,2,1.0,0.0
Qwen9B,full_raw,lowercase_alphanumeric,4,repeated_4char_motif,24,early,2,1.0,0.0
Qwen9B,full_raw,lowercase_alphanumeric,4,repeated_4char_motif,24,late,2,1.0,0.0
Qwen9B,full_raw,lowercase_alphanumeric,4,repeated_4char_motif,24,middle,2,1.0,0.0
Qwen9B,full_raw,lowercase_alphanumeric,32,independent_characters,8,early,2,1.0,0.0
Qwen9B,full_raw,lowercase_alphanumeric,32,independent_characters,8,late,2,1.0,0.0
Qwen9B,full_raw,lowercase_alphanumeric,32,independent_characters,8,middle,2,1.0,0.0
Qwen9B,full_raw,lowercase_alphanumeric,32,independent_characters,24,early,2,1.0,0.0
Qwen9B,full_raw,lowercase_alphanumeric,32,independent_characters,24,late,2,1.0,0.0
Qwen9B,full_raw,lowercase_alphanumeric,32,independent_characters,24,middle,2,1.0,0.0
Qwen9B,full_raw,lowercase_alphanumeric,32,repeated_4char_motif,8,early,2,1.0,0.0
Qwen9B,full_raw,lowercase_alphanumeric,32,repeated_4char_motif,8,late,2,1.0,0.0
Qwen9B,full_raw,lowercase_alphanumeric,32,repeated_4char_motif,8,middle,2,1.0,0.0
Qwen9B,full_raw,lowercase_alphanumeric,32,repeated_4char_motif,24,early,2,1.0,0.0
Qwen9B,full_raw,lowercase_alphanumeric,32,repeated_4char_motif,24,late,2,1.0,0.0
Qwen9B,full_raw,lowercase_alphanumeric,32,repeated_4char_motif,24,middle,2,1.0,0.0
Qwen9B,optical_c0p8_p2,decimal,4,independent_characters,8,early,2,0.0,0.4375
Qwen9B,optical_c0p8_p2,decimal,4,independent_characters,8,late,2,0.0,0.8125
Qwen9B,optical_c0p8_p2,decimal,4,independent_characters,8,middle,2,0.0,0.3125
Qwen9B,optical_c0p8_p2,decimal,4,independent_characters,24,early,2,0.0,0.22916666666666669
Qwen9B,optical_c0p8_p2,decimal,4,independent_characters,24,late,2,0.0,1.0
Qwen9B,optical_c0p8_p2,decimal,4,independent_characters,24,middle,2,0.0,0.7708333333333333
Qwen9B,optical_c0p8_p2,decimal,4,repeated_4char_motif,8,early,2,0.0,0.375
Qwen9B,optical_c0p8_p2,decimal,4,repeated_4char_motif,8,late,2,0.0,1.9375
Qwen9B,optical_c0p8_p2,decimal,4,repeated_4char_motif,8,middle,2,0.0,1.75
Qwen9B,optical_c0p8_p2,decimal,4,repeated_4char_motif,24,early,2,0.0,0.3125
Qwen9B,optical_c0p8_p2,decimal,4,repeated_4char_motif,24,late,2,0.0,1.0
Qwen9B,optical_c0p8_p2,decimal,4,repeated_4char_motif,24,middle,2,0.0,0.8125
Qwen9B,optical_c0p8_p2,decimal,32,independent_characters,8,early,2,0.5,1.5
Qwen9B,optical_c0p8_p2,decimal,32,independent_characters,8,late,2,0.0,0.6875
Qwen9B,optical_c0p8_p2,decimal,32,independent_characters,8,middle,2,0.5,0.25
Qwen9B,optical_c0p8_p2,decimal,32,independent_characters,24,early,2,0.0,0.5833333333333334
Qwen9B,optical_c0p8_p2,decimal,32,independent_characters,24,late,2,0.0,0.8333333333333333
Qwen9B,optical_c0p8_p2,decimal,32,independent_characters,24,middle,2,0.0,0.22916666666666669
Qwen9B,optical_c0p8_p2,decimal,32,repeated_4char_motif,8,early,2,0.0,0.3125
Qwen9B,optical_c0p8_p2,decimal,32,repeated_4char_motif,8,late,2,0.0,0.4375
Qwen9B,optical_c0p8_p2,decimal,32,repeated_4char_motif,8,middle,2,0.5,0.125
Qwen9B,optical_c0p8_p2,decimal,32,repeated_4char_motif,24,early,2,0.0,0.5625
Qwen9B,optical_c0p8_p2,decimal,32,repeated_4char_motif,24,late,2,0.0,0.125
Qwen9B,optical_c0p8_p2,decimal,32,repeated_4char_motif,24,middle,2,0.0,0.25
Qwen9B,optical_c0p8_p2,lowercase_alphanumeric,4,independent_characters,8,early,2,0.0,1.0
Qwen9B,optical_c0p8_p2,lowercase_alphanumeric,4,independent_characters,8,late,2,0.0,2.0
Qwen9B,optical_c0p8_p2,lowercase_alphanumeric,4,independent_characters,8,middle,2,0.0,0.9375
Qwen9B,optical_c0p8_p2,lowercase_alphanumeric,4,independent_characters,24,early,2,0.0,0.8958333333333333
Qwen9B,optical_c0p8_p2,lowercase_alphanumeric,4,independent_characters,24,late,2,0.0,0.9791666666666667
Qwen9B,optical_c0p8_p2,lowercase_alphanumeric,4,independent_characters,24,middle,2,0.0,1.0
Qwen9B,optical_c0p8_p2,lowercase_alphanumeric,4,repeated_4char_motif,8,early,2,0.0,1.0
Qwen9B,optical_c0p8_p2,lowercase_alphanumeric,4,repeated_4char_motif,8,late,2,0.0,2.125
Qwen9B,optical_c0p8_p2,lowercase_alphanumeric,4,repeated_4char_motif,8,middle,2,0.0,2.125
Qwen9B,optical_c0p8_p2,lowercase_alphanumeric,4,repeated_4char_motif,24,early,2,0.0,0.8541666666666667
Qwen9B,optical_c0p8_p2,lowercase_alphanumeric,4,repeated_4char_motif,24,late,2,0.0,1.0
Qwen9B,optical_c0p8_p2,lowercase_alphanumeric,4,repeated_4char_motif,24,middle,2,0.0,1.0
Qwen9B,optical_c0p8_p2,lowercase_alphanumeric,32,independent_characters,8,early,2,0.0,0.8125
Qwen9B,optical_c0p8_p2,lowercase_alphanumeric,32,independent_characters,8,late,2,0.0,1.75
Qwen9B,optical_c0p8_p2,lowercase_alphanumeric,32,independent_characters,8,middle,2,0.0,0.4375
Qwen9B,optical_c0p8_p2,lowercase_alphanumeric,32,independent_characters,24,early,2,0.0,0.47916666666666663
Qwen9B,optical_c0p8_p2,lowercase_alphanumeric,32,independent_characters,24,late,2,0.0,0.8333333333333333
Qwen9B,optical_c0p8_p2,lowercase_alphanumeric,32,independent_characters,24,middle,2,0.0,0.6041666666666667
Qwen9B,optical_c0p8_p2,lowercase_alphanumeric,32,repeated_4char_motif,8,early,2,0.0,0.875
Qwen9B,optical_c0p8_p2,lowercase_alphanumeric,32,repeated_4char_motif,8,late,2,0.0,2.8125
Qwen9B,optical_c0p8_p2,lowercase_alphanumeric,32,repeated_4char_motif,8,middle,2,0.0,1.5
Qwen9B,optical_c0p8_p2,lowercase_alphanumeric,32,repeated_4char_motif,24,early,2,0.0,0.7083333333333334
Qwen9B,optical_c0p8_p2,lowercase_alphanumeric,32,repeated_4char_motif,24,late,2,0.0,0.6875
Qwen9B,optical_c0p8_p2,lowercase_alphanumeric,32,repeated_4char_motif,24,middle,2,0.0,1.6041666666666667
Qwen9B,optical_c0p8_p4,decimal,4,independent_characters,8,early,2,1.0,0.0
Qwen9B,optical_c0p8_p4,decimal,4,independent_characters,8,late,2,0.0,0.1875
Qwen9B,optical_c0p8_p4,decimal,4,independent_characters,8,middle,2,0.5,0.0625
Qwen9B,optical_c0p8_p4,decimal,4,independent_characters,24,early,2,0.0,0.0625
Qwen9B,optical_c0p8_p4,decimal,4,independent_characters,24,late,2,0.0,0.20833333333333331
Qwen9B,optical_c0p8_p4,decimal,4,independent_characters,24,middle,2,0.0,0.0625
Qwen9B,optical_c0p8_p4,decimal,4,repeated_4char_motif,8,early,2,1.0,0.0
Qwen9B,optical_c0p8_p4,decimal,4,repeated_4char_motif,8,late,2,0.0,0.25
Qwen9B,optical_c0p8_p4,decimal,4,repeated_4char_motif,8,middle,2,1.0,0.0
Qwen9B,optical_c0p8_p4,decimal,4,repeated_4char_motif,24,early,2,0.0,0.1875
Qwen9B,optical_c0p8_p4,decimal,4,repeated_4char_motif,24,late,2,0.0,0.4583333333333333
Qwen9B,optical_c0p8_p4,decimal,4,repeated_4char_motif,24,middle,2,0.0,0.5833333333333334
Qwen9B,optical_c0p8_p4,decimal,32,independent_characters,8,early,2,0.0,0.125
Qwen9B,optical_c0p8_p4,decimal,32,independent_characters,8,late,2,1.0,0.0
Qwen9B,optical_c0p8_p4,decimal,32,independent_characters,8,middle,2,1.0,0.0
Qwen9B,optical_c0p8_p4,decimal,32,independent_characters,24,early,2,0.5,0.020833333333333332
Qwen9B,optical_c0p8_p4,decimal,32,independent_characters,24,late,2,0.0,0.0625
Qwen9B,optical_c0p8_p4,decimal,32,independent_characters,24,middle,2,1.0,0.0
Qwen9B,optical_c0p8_p4,decimal,32,repeated_4char_motif,8,early,2,0.0,0.25
Qwen9B,optical_c0p8_p4,decimal,32,repeated_4char_motif,8,late,2,0.5,0.0625
Qwen9B,optical_c0p8_p4,decimal,32,repeated_4char_motif,8,middle,2,1.0,0.0
Qwen9B,optical_c0p8_p4,decimal,32,repeated_4char_motif,24,early,2,0.0,0.16666666666666666
Qwen9B,optical_c0p8_p4,decimal,32,repeated_4char_motif,24,late,2,0.5,0.08333333333333333
Qwen9B,optical_c0p8_p4,decimal,32,repeated_4char_motif,24,middle,2,0.0,0.10416666666666666
Qwen9B,optical_c0p8_p4,lowercase_alphanumeric,4,independent_characters,8,early,2,0.0,0.5
Qwen9B,optical_c0p8_p4,lowercase_alphanumeric,4,independent_characters,8,late,2,0.0,0.3125
Qwen9B,optical_c0p8_p4,lowercase_alphanumeric,4,independent_characters,8,middle,2,0.0,0.4375
Qwen9B,optical_c0p8_p4,lowercase_alphanumeric,4,independent_characters,24,early,2,0.0,0.33333333333333337
Qwen9B,optical_c0p8_p4,lowercase_alphanumeric,4,independent_characters,24,late,2,0.0,0.625
Qwen9B,optical_c0p8_p4,lowercase_alphanumeric,4,independent_characters,24,middle,2,0.0,0.2916666666666667
Qwen9B,optical_c0p8_p4,lowercase_alphanumeric,4,repeated_4char_motif,8,early,2,0.0,0.75
Qwen9B,optical_c0p8_p4,lowercase_alphanumeric,4,repeated_4char_motif,8,late,2,1.0,0.0
Qwen9B,optical_c0p8_p4,lowercase_alphanumeric,4,repeated_4char_motif,8,middle,2,0.5,0.5
Qwen9B,optical_c0p8_p4,lowercase_alphanumeric,4,repeated_4char_motif,24,early,2,0.0,0.27083333333333337
Qwen9B,optical_c0p8_p4,lowercase_alphanumeric,4,repeated_4char_motif,24,late,2,0.0,1.0
Qwen9B,optical_c0p8_p4,lowercase_alphanumeric,4,repeated_4char_motif,24,middle,2,0.0,0.6875
Qwen9B,optical_c0p8_p4,lowercase_alphanumeric,32,independent_characters,8,early,2,0.0,0.4375
Qwen9B,optical_c0p8_p4,lowercase_alphanumeric,32,independent_characters,8,late,2,0.0,0.4375
Qwen9B,optical_c0p8_p4,lowercase_alphanumeric,32,independent_characters,8,middle,2,0.0,0.1875
Qwen9B,optical_c0p8_p4,lowercase_alphanumeric,32,independent_characters,24,early,2,0.0,0.3125
Qwen9B,optical_c0p8_p4,lowercase_alphanumeric,32,independent_characters,24,late,2,0.0,0.375
Qwen9B,optical_c0p8_p4,lowercase_alphanumeric,32,independent_characters,24,middle,2,0.0,0.3333333333333333
Qwen9B,optical_c0p8_p4,lowercase_alphanumeric,32,repeated_4char_motif,8,early,2,0.0,0.5625
Qwen9B,optical_c0p8_p4,lowercase_alphanumeric,32,repeated_4char_motif,8,late,2,0.5,0.125
Qwen9B,optical_c0p8_p4,lowercase_alphanumeric,32,repeated_4char_motif,8,middle,2,0.0,0.375
Qwen9B,optical_c0p8_p4,lowercase_alphanumeric,32,repeated_4char_motif,24,early,2,0.0,0.16666666666666666
Qwen9B,optical_c0p8_p4,lowercase_alphanumeric,32,repeated_4char_motif,24,late,2,0.0,0.39583333333333337
Qwen9B,optical_c0p8_p4,lowercase_alphanumeric,32,repeated_4char_motif,24,middle,2,0.0,0.2916666666666667
Qwen9B,optical_c2_p2,decimal,4,independent_characters,8,early,2,0.0,3.0
Qwen9B,optical_c2_p2,decimal,4,independent_characters,8,late,2,0.0,3.0
Qwen9B,optical_c2_p2,decimal,4,independent_characters,8,middle,2,0.0,3.0
Qwen9B,optical_c2_p2,decimal,4,independent_characters,24,early,2,0.0,1.0
Qwen9B,optical_c2_p2,decimal,4,independent_characters,24,late,2,0.0,1.0
Qwen9B,optical_c2_p2,decimal,4,independent_characters,24,middle,2,0.0,1.0
Qwen9B,optical_c2_p2,decimal,4,repeated_4char_motif,8,early,2,0.0,3.0
Qwen9B,optical_c2_p2,decimal,4,repeated_4char_motif,8,late,2,0.0,3.0
Qwen9B,optical_c2_p2,decimal,4,repeated_4char_motif,8,middle,2,0.0,3.0
Qwen9B,optical_c2_p2,decimal,4,repeated_4char_motif,24,early,2,0.0,1.0
Qwen9B,optical_c2_p2,decimal,4,repeated_4char_motif,24,late,2,0.0,1.0
Qwen9B,optical_c2_p2,decimal,4,repeated_4char_motif,24,middle,2,0.0,1.0
Qwen9B,optical_c2_p2,decimal,32,independent_characters,8,early,2,0.0,3.0
Qwen9B,optical_c2_p2,decimal,32,independent_characters,8,late,2,0.0,3.0
Qwen9B,optical_c2_p2,decimal,32,independent_characters,8,middle,2,0.0,3.0
Qwen9B,optical_c2_p2,decimal,32,independent_characters,24,early,2,0.0,1.0
Qwen9B,optical_c2_p2,decimal,32,independent_characters,24,late,2,0.0,1.0
Qwen9B,optical_c2_p2,decimal,32,independent_characters,24,middle,2,0.0,1.0
Qwen9B,optical_c2_p2,decimal,32,repeated_4char_motif,8,early,2,0.0,3.0
Qwen9B,optical_c2_p2,decimal,32,repeated_4char_motif,8,late,2,0.0,3.0
Qwen9B,optical_c2_p2,decimal,32,repeated_4char_motif,8,middle,2,0.0,3.0
Qwen9B,optical_c2_p2,decimal,32,repeated_4char_motif,24,early,2,0.0,1.0
Qwen9B,optical_c2_p2,decimal,32,repeated_4char_motif,24,late,2,0.0,1.0
Qwen9B,optical_c2_p2,decimal,32,repeated_4char_motif,24,middle,2,0.0,1.0
Qwen9B,optical_c2_p2,lowercase_alphanumeric,4,independent_characters,8,early,2,0.0,2.75
Qwen9B,optical_c2_p2,lowercase_alphanumeric,4,independent_characters,8,late,2,0.0,2.75
Qwen9B,optical_c2_p2,lowercase_alphanumeric,4,independent_characters,8,middle,2,0.0,2.8125
Qwen9B,optical_c2_p2,lowercase_alphanumeric,4,independent_characters,24,early,2,0.0,0.9791666666666667
Qwen9B,optical_c2_p2,lowercase_alphanumeric,4,independent_characters,24,late,2,0.0,0.9791666666666667
Qwen9B,optical_c2_p2,lowercase_alphanumeric,4,independent_characters,24,middle,2,0.0,0.9583333333333334
Qwen9B,optical_c2_p2,lowercase_alphanumeric,4,repeated_4char_motif,8,early,2,0.0,2.8125
Qwen9B,optical_c2_p2,lowercase_alphanumeric,4,repeated_4char_motif,8,late,2,0.0,2.9375
Qwen9B,optical_c2_p2,lowercase_alphanumeric,4,repeated_4char_motif,8,middle,2,0.0,2.8125
Qwen9B,optical_c2_p2,lowercase_alphanumeric,4,repeated_4char_motif,24,early,2,0.0,0.9791666666666667
Qwen9B,optical_c2_p2,lowercase_alphanumeric,4,repeated_4char_motif,24,late,2,0.0,1.0
Qwen9B,optical_c2_p2,lowercase_alphanumeric,4,repeated_4char_motif,24,middle,2,0.0,0.9583333333333333
Qwen9B,optical_c2_p2,lowercase_alphanumeric,32,independent_characters,8,early,2,0.0,2.6875
Qwen9B,optical_c2_p2,lowercase_alphanumeric,32,independent_characters,8,late,2,0.0,2.6875
Qwen9B,optical_c2_p2,lowercase_alphanumeric,32,independent_characters,8,middle,2,0.0,2.8125
Qwen9B,optical_c2_p2,lowercase_alphanumeric,32,independent_characters,24,early,2,0.0,0.9583333333333333
Qwen9B,optical_c2_p2,lowercase_alphanumeric,32,independent_characters,24,late,2,0.0,0.9583333333333333
Qwen9B,optical_c2_p2,lowercase_alphanumeric,32,independent_characters,24,middle,2,0.0,0.9375
Qwen9B,optical_c2_p2,lowercase_alphanumeric,32,repeated_4char_motif,8,early,2,0.0,2.625
Qwen9B,optical_c2_p2,lowercase_alphanumeric,32,repeated_4char_motif,8,late,2,0.0,2.8125
Qwen9B,optical_c2_p2,lowercase_alphanumeric,32,repeated_4char_motif,8,middle,2,0.0,2.8125
Qwen9B,optical_c2_p2,lowercase_alphanumeric,32,repeated_4char_motif,24,early,2,0.0,0.9375
Qwen9B,optical_c2_p2,lowercase_alphanumeric,32,repeated_4char_motif,24,late,2,0.0,0.9375
Qwen9B,optical_c2_p2,lowercase_alphanumeric,32,repeated_4char_motif,24,middle,2,0.0,0.9375
Qwen9B,optical_c2_p4,decimal,4,independent_characters,8,early,2,0.0,3.0
Qwen9B,optical_c2_p4,decimal,4,independent_characters,8,late,2,0.0,1.875
Qwen9B,optical_c2_p4,decimal,4,independent_characters,8,middle,2,0.0,1.6875
Qwen9B,optical_c2_p4,decimal,4,independent_characters,24,early,2,0.0,0.8958333333333333
Qwen9B,optical_c2_p4,decimal,4,independent_characters,24,late,2,0.0,1.6875
Qwen9B,optical_c2_p4,decimal,4,independent_characters,24,middle,2,0.0,1.0
Qwen9B,optical_c2_p4,decimal,4,repeated_4char_motif,8,early,2,0.0,3.0
Qwen9B,optical_c2_p4,decimal,4,repeated_4char_motif,8,late,2,0.0,2.125
Qwen9B,optical_c2_p4,decimal,4,repeated_4char_motif,8,middle,2,0.0,3.0
Qwen9B,optical_c2_p4,decimal,4,repeated_4char_motif,24,early,2,0.0,0.8333333333333334
Qwen9B,optical_c2_p4,decimal,4,repeated_4char_motif,24,late,2,0.0,0.8958333333333333
Qwen9B,optical_c2_p4,decimal,4,repeated_4char_motif,24,middle,2,0.0,1.0
Qwen9B,optical_c2_p4,decimal,32,independent_characters,8,early,2,0.0,1.8125
Qwen9B,optical_c2_p4,decimal,32,independent_characters,8,late,2,0.0,1.75
Qwen9B,optical_c2_p4,decimal,32,independent_characters,8,middle,2,0.0,0.875
Qwen9B,optical_c2_p4,decimal,32,independent_characters,24,early,2,0.0,0.7708333333333333
Qwen9B,optical_c2_p4,decimal,32,independent_characters,24,late,2,0.0,0.8541666666666667
Qwen9B,optical_c2_p4,decimal,32,independent_characters,24,middle,2,0.0,0.4583333333333333
Qwen9B,optical_c2_p4,decimal,32,repeated_4char_motif,8,early,2,0.0,0.9375
Qwen9B,optical_c2_p4,decimal,32,repeated_4char_motif,8,late,2,0.0,1.9375
Qwen9B,optical_c2_p4,decimal,32,repeated_4char_motif,8,middle,2,0.0,1.9375
Qwen9B,optical_c2_p4,decimal,32,repeated_4char_motif,24,early,2,0.0,0.6875
Qwen9B,optical_c2_p4,decimal,32,repeated_4char_motif,24,late,2,0.0,1.5833333333333333
Qwen9B,optical_c2_p4,decimal,32,repeated_4char_motif,24,middle,2,0.0,1.1458333333333335
Qwen9B,optical_c2_p4,lowercase_alphanumeric,4,independent_characters,8,early,2,0.0,2.75
Qwen9B,optical_c2_p4,lowercase_alphanumeric,4,independent_characters,8,late,2,0.0,2.75
Qwen9B,optical_c2_p4,lowercase_alphanumeric,4,independent_characters,8,middle,2,0.0,2.0
Qwen9B,optical_c2_p4,lowercase_alphanumeric,4,independent_characters,24,early,2,0.0,0.9791666666666667
Qwen9B,optical_c2_p4,lowercase_alphanumeric,4,independent_characters,24,late,2,0.0,0.9791666666666667
Qwen9B,optical_c2_p4,lowercase_alphanumeric,4,independent_characters,24,middle,2,0.0,0.9583333333333334
Qwen9B,optical_c2_p4,lowercase_alphanumeric,4,repeated_4char_motif,8,early,2,0.0,2.8125
Qwen9B,optical_c2_p4,lowercase_alphanumeric,4,repeated_4char_motif,8,late,2,0.0,1.25
Qwen9B,optical_c2_p4,lowercase_alphanumeric,4,repeated_4char_motif,8,middle,2,0.0,1.9375
Qwen9B,optical_c2_p4,lowercase_alphanumeric,4,repeated_4char_motif,24,early,2,0.0,0.9791666666666667
Qwen9B,optical_c2_p4,lowercase_alphanumeric,4,repeated_4char_motif,24,late,2,0.0,1.0
Qwen9B,optical_c2_p4,lowercase_alphanumeric,4,repeated_4char_motif,24,middle,2,0.0,0.9583333333333333
Qwen9B,optical_c2_p4,lowercase_alphanumeric,32,independent_characters,8,early,2,0.0,1.9375
Qwen9B,optical_c2_p4,lowercase_alphanumeric,32,independent_characters,8,late,2,0.0,1.625
Qwen9B,optical_c2_p4,lowercase_alphanumeric,32,independent_characters,8,middle,2,0.0,2.8125
Qwen9B,optical_c2_p4,lowercase_alphanumeric,32,independent_characters,24,early,2,0.0,0.8125
Qwen9B,optical_c2_p4,lowercase_alphanumeric,32,independent_characters,24,late,2,0.0,1.9166666666666667
Qwen9B,optical_c2_p4,lowercase_alphanumeric,32,independent_characters,24,middle,2,0.0,0.75
Qwen9B,optical_c2_p4,lowercase_alphanumeric,32,repeated_4char_motif,8,early,2,0.0,0.875
Qwen9B,optical_c2_p4,lowercase_alphanumeric,32,repeated_4char_motif,8,late,2,0.0,2.0625
Qwen9B,optical_c2_p4,lowercase_alphanumeric,32,repeated_4char_motif,8,middle,2,0.0,1.625
Qwen9B,optical_c2_p4,lowercase_alphanumeric,32,repeated_4char_motif,24,early,2,0.0,0.9375
Qwen9B,optical_c2_p4,lowercase_alphanumeric,32,repeated_4char_motif,24,late,2,0.0,0.9791666666666667
Qwen9B,optical_c2_p4,lowercase_alphanumeric,32,repeated_4char_motif,24,middle,2,0.0,0.9583333333333333
Qwen9B,optical_c4_p2,decimal,4,independent_characters,8,early,2,0.0,3.0
Qwen9B,optical_c4_p2,decimal,4,independent_characters,8,late,2,0.0,3.0
Qwen9B,optical_c4_p2,decimal,4,independent_characters,8,middle,2,0.0,3.0
Qwen9B,optical_c4_p2,decimal,4,independent_characters,24,early,2,0.0,1.0
Qwen9B,optical_c4_p2,decimal,4,independent_characters,24,late,2,0.0,1.0
Qwen9B,optical_c4_p2,decimal,4,independent_characters,24,middle,2,0.0,1.0
Qwen9B,optical_c4_p2,decimal,4,repeated_4char_motif,8,early,2,0.0,3.0
Qwen9B,optical_c4_p2,decimal,4,repeated_4char_motif,8,late,2,0.0,3.0
Qwen9B,optical_c4_p2,decimal,4,repeated_4char_motif,8,middle,2,0.0,3.0
Qwen9B,optical_c4_p2,decimal,4,repeated_4char_motif,24,early,2,0.0,1.0
Qwen9B,optical_c4_p2,decimal,4,repeated_4char_motif,24,late,2,0.0,1.0
Qwen9B,optical_c4_p2,decimal,4,repeated_4char_motif,24,middle,2,0.0,1.0
Qwen9B,optical_c4_p2,decimal,32,independent_characters,8,early,2,0.0,3.0
Qwen9B,optical_c4_p2,decimal,32,independent_characters,8,late,2,0.0,3.0
Qwen9B,optical_c4_p2,decimal,32,independent_characters,8,middle,2,0.0,3.0
Qwen9B,optical_c4_p2,decimal,32,independent_characters,24,early,2,0.0,1.0
Qwen9B,optical_c4_p2,decimal,32,independent_characters,24,late,2,0.0,1.0
Qwen9B,optical_c4_p2,decimal,32,independent_characters,24,middle,2,0.0,1.0
Qwen9B,optical_c4_p2,decimal,32,repeated_4char_motif,8,early,2,0.0,3.0
Qwen9B,optical_c4_p2,decimal,32,repeated_4char_motif,8,late,2,0.0,3.0
Qwen9B,optical_c4_p2,decimal,32,repeated_4char_motif,8,middle,2,0.0,3.0
Qwen9B,optical_c4_p2,decimal,32,repeated_4char_motif,24,early,2,0.0,1.0
Qwen9B,optical_c4_p2,decimal,32,repeated_4char_motif,24,late,2,0.0,1.0
Qwen9B,optical_c4_p2,decimal,32,repeated_4char_motif,24,middle,2,0.0,1.0
Qwen9B,optical_c4_p2,lowercase_alphanumeric,4,independent_characters,8,early,2,0.0,2.75
Qwen9B,optical_c4_p2,lowercase_alphanumeric,4,independent_characters,8,late,2,0.0,2.75
Qwen9B,optical_c4_p2,lowercase_alphanumeric,4,independent_characters,8,middle,2,0.0,2.8125
Qwen9B,optical_c4_p2,lowercase_alphanumeric,4,independent_characters,24,early,2,0.0,0.9791666666666667
Qwen9B,optical_c4_p2,lowercase_alphanumeric,4,independent_characters,24,late,2,0.0,0.9791666666666667
Qwen9B,optical_c4_p2,lowercase_alphanumeric,4,independent_characters,24,middle,2,0.0,0.9583333333333334
Qwen9B,optical_c4_p2,lowercase_alphanumeric,4,repeated_4char_motif,8,early,2,0.0,2.8125
Qwen9B,optical_c4_p2,lowercase_alphanumeric,4,repeated_4char_motif,8,late,2,0.0,2.9375
Qwen9B,optical_c4_p2,lowercase_alphanumeric,4,repeated_4char_motif,8,middle,2,0.0,2.8125
Qwen9B,optical_c4_p2,lowercase_alphanumeric,4,repeated_4char_motif,24,early,2,0.0,0.9791666666666667
Qwen9B,optical_c4_p2,lowercase_alphanumeric,4,repeated_4char_motif,24,late,2,0.0,1.0
Qwen9B,optical_c4_p2,lowercase_alphanumeric,4,repeated_4char_motif,24,middle,2,0.0,0.9583333333333333
Qwen9B,optical_c4_p2,lowercase_alphanumeric,32,independent_characters,8,early,2,0.0,2.6875
Qwen9B,optical_c4_p2,lowercase_alphanumeric,32,independent_characters,8,late,2,0.0,2.6875
Qwen9B,optical_c4_p2,lowercase_alphanumeric,32,independent_characters,8,middle,2,0.0,2.8125
Qwen9B,optical_c4_p2,lowercase_alphanumeric,32,independent_characters,24,early,2,0.0,0.9583333333333333
Qwen9B,optical_c4_p2,lowercase_alphanumeric,32,independent_characters,24,late,2,0.0,0.9583333333333333
Qwen9B,optical_c4_p2,lowercase_alphanumeric,32,independent_characters,24,middle,2,0.0,0.9375
Qwen9B,optical_c4_p2,lowercase_alphanumeric,32,repeated_4char_motif,8,early,2,0.0,2.625
Qwen9B,optical_c4_p2,lowercase_alphanumeric,32,repeated_4char_motif,8,late,2,0.0,2.8125
Qwen9B,optical_c4_p2,lowercase_alphanumeric,32,repeated_4char_motif,8,middle,2,0.0,2.8125
Qwen9B,optical_c4_p2,lowercase_alphanumeric,32,repeated_4char_motif,24,early,2,0.0,0.9375
Qwen9B,optical_c4_p2,lowercase_alphanumeric,32,repeated_4char_motif,24,late,2,0.0,0.9375
Qwen9B,optical_c4_p2,lowercase_alphanumeric,32,repeated_4char_motif,24,middle,2,0.0,0.9375
Qwen9B,optical_c4_p4,decimal,4,independent_characters,8,early,2,0.0,3.0
Qwen9B,optical_c4_p4,decimal,4,independent_characters,8,late,2,0.0,3.0
Qwen9B,optical_c4_p4,decimal,4,independent_characters,8,middle,2,0.0,2.125
Qwen9B,optical_c4_p4,decimal,4,independent_characters,24,early,2,0.0,1.0
Qwen9B,optical_c4_p4,decimal,4,independent_characters,24,late,2,0.0,1.0
Qwen9B,optical_c4_p4,decimal,4,independent_characters,24,middle,2,0.0,1.0
Qwen9B,optical_c4_p4,decimal,4,repeated_4char_motif,8,early,2,0.0,3.0
Qwen9B,optical_c4_p4,decimal,4,repeated_4char_motif,8,late,2,0.0,2.125
Qwen9B,optical_c4_p4,decimal,4,repeated_4char_motif,8,middle,2,0.0,2.125
Qwen9B,optical_c4_p4,decimal,4,repeated_4char_motif,24,early,2,0.0,1.0
Qwen9B,optical_c4_p4,decimal,4,repeated_4char_motif,24,late,2,0.0,1.0
Qwen9B,optical_c4_p4,decimal,4,repeated_4char_motif,24,middle,2,0.0,1.0
Qwen9B,optical_c4_p4,decimal,32,independent_characters,8,early,2,0.0,3.0
Qwen9B,optical_c4_p4,decimal,32,independent_characters,8,late,2,0.0,3.0
Qwen9B,optical_c4_p4,decimal,32,independent_characters,8,middle,2,0.0,3.0
Qwen9B,optical_c4_p4,decimal,32,independent_characters,24,early,2,0.0,1.0
Qwen9B,optical_c4_p4,decimal,32,independent_characters,24,late,2,0.0,1.8333333333333333
Qwen9B,optical_c4_p4,decimal,32,independent_characters,24,middle,2,0.0,1.0
Qwen9B,optical_c4_p4,decimal,32,repeated_4char_motif,8,early,2,0.0,3.0
Qwen9B,optical_c4_p4,decimal,32,repeated_4char_motif,8,late,2,0.0,3.0
Qwen9B,optical_c4_p4,decimal,32,repeated_4char_motif,8,middle,2,0.0,2.125
Qwen9B,optical_c4_p4,decimal,32,repeated_4char_motif,24,early,2,0.0,1.0
Qwen9B,optical_c4_p4,decimal,32,repeated_4char_motif,24,late,2,0.0,1.0
Qwen9B,optical_c4_p4,decimal,32,repeated_4char_motif,24,middle,2,0.0,1.0
Qwen9B,optical_c4_p4,lowercase_alphanumeric,4,independent_characters,8,early,2,0.0,2.75
Qwen9B,optical_c4_p4,lowercase_alphanumeric,4,independent_characters,8,late,2,0.0,2.75
Qwen9B,optical_c4_p4,lowercase_alphanumeric,4,independent_characters,8,middle,2,0.0,2.8125
Qwen9B,optical_c4_p4,lowercase_alphanumeric,4,independent_characters,24,early,2,0.0,0.9791666666666667
Qwen9B,optical_c4_p4,lowercase_alphanumeric,4,independent_characters,24,late,2,0.0,0.9791666666666667
Qwen9B,optical_c4_p4,lowercase_alphanumeric,4,independent_characters,24,middle,2,0.0,0.9791666666666667
Qwen9B,optical_c4_p4,lowercase_alphanumeric,4,repeated_4char_motif,8,early,2,0.0,2.8125
Qwen9B,optical_c4_p4,lowercase_alphanumeric,4,repeated_4char_motif,8,late,2,0.0,2.9375
Qwen9B,optical_c4_p4,lowercase_alphanumeric,4,repeated_4char_motif,8,middle,2,0.0,1.9375
Qwen9B,optical_c4_p4,lowercase_alphanumeric,4,repeated_4char_motif,24,early,2,0.0,0.9791666666666667
Qwen9B,optical_c4_p4,lowercase_alphanumeric,4,repeated_4char_motif,24,late,2,0.0,1.0
Qwen9B,optical_c4_p4,lowercase_alphanumeric,4,repeated_4char_motif,24,middle,2,0.0,1.0
Qwen9B,optical_c4_p4,lowercase_alphanumeric,32,independent_characters,8,early,2,0.0,2.6875
Qwen9B,optical_c4_p4,lowercase_alphanumeric,32,independent_characters,8,late,2,0.0,2.0625
Qwen9B,optical_c4_p4,lowercase_alphanumeric,32,independent_characters,8,middle,2,0.0,2.0
Qwen9B,optical_c4_p4,lowercase_alphanumeric,32,independent_characters,24,early,2,0.0,0.9583333333333333
Qwen9B,optical_c4_p4,lowercase_alphanumeric,32,independent_characters,24,late,2,0.0,1.0
Qwen9B,optical_c4_p4,lowercase_alphanumeric,32,independent_characters,24,middle,2,0.0,0.9375
Qwen9B,optical_c4_p4,lowercase_alphanumeric,32,repeated_4char_motif,8,early,2,0.0,2.0
Qwen9B,optical_c4_p4,lowercase_alphanumeric,32,repeated_4char_motif,8,late,2,0.0,2.0
Qwen9B,optical_c4_p4,lowercase_alphanumeric,32,repeated_4char_motif,8,middle,2,0.0,2.8125
Qwen9B,optical_c4_p4,lowercase_alphanumeric,32,repeated_4char_motif,24,early,2,0.0,0.9375
Qwen9B,optical_c4_p4,lowercase_alphanumeric,32,repeated_4char_motif,24,late,2,0.0,0.9583333333333333
Qwen9B,optical_c4_p4,lowercase_alphanumeric,32,repeated_4char_motif,24,middle,2,0.0,1.0
